"Uge";"Aldersgruppe";"Vaccinationsstatus";"Antal nyindlagte";"sort_Var";"Befolkningstrrelse";"Nyindlagte pr. 100.000"
2020-W52;5-11;Uvaccinerede;4;0;436558;0,92
2020-W52;5-11;P�begyndt vaccination;0;1;0;0,00
2020-W52;5-11;Forventet fuld effekt;0;2;0;0,00
2020-W52;5-11;F�rste revaccination;0;3;0;0,00
2020-W52;12-15;Uvaccinerede;2;0;299024;0,67
2020-W52;12-15;P�begyndt vaccination;0;1;0;0,00
2020-W52;12-15;Forventet fuld effekt;0;2;0;0,00
2020-W52;12-15;F�rste revaccination;0;3;0;0,00
2020-W52;16-19;Uvaccinerede;7;0;279602;2,50
2020-W52;16-19;P�begyndt vaccination;0;1;1;0,00
2020-W52;16-19;Forventet fuld effekt;0;2;0;0,00
2020-W52;16-19;F�rste revaccination;0;3;0;0,00
2020-W52;20-39;Uvaccinerede;100;0;1495563;6,69
2020-W52;20-39;P�begyndt vaccination;0;1;8;0,00
2020-W52;20-39;Forventet fuld effekt;0;2;0;0,00
2020-W52;20-39;F�rste revaccination;0;3;0;0,00
2020-W52;40-64;Uvaccinerede;332;0;1907216;17,41
2020-W52;40-64;P�begyndt vaccination;0;1;7;0,00
2020-W52;40-64;Forventet fuld effekt;0;2;0;0,00
2020-W52;40-64;F�rste revaccination;0;3;0;0,00
2020-W52;65-79;Uvaccinerede;329;0;887384;37,08
2020-W52;65-79;P�begyndt vaccination;0;1;1;0,00
2020-W52;65-79;Forventet fuld effekt;0;2;0;0,00
2020-W52;65-79;F�rste revaccination;0;3;0;0,00
2020-W52;80+;Uvaccinerede;275;0;259636;105,92
2020-W52;80+;P�begyndt vaccination;1;1;2;46666,67
2020-W52;80+;Forventet fuld effekt;0;2;0;0,00
2020-W52;80+;F�rste revaccination;0;3;0;0,00
2020-W53;5-11;Uvaccinerede;1;0;436558;0,23
2020-W53;5-11;P�begyndt vaccination;0;1;0;0,00
2020-W53;5-11;Forventet fuld effekt;0;2;0;0,00
2020-W53;5-11;F�rste revaccination;0;3;0;0,00
2020-W53;16-19;Uvaccinerede;11;0;279519;3,94
2020-W53;16-19;P�begyndt vaccination;0;1;84;0,00
2020-W53;16-19;Forventet fuld effekt;0;2;0;0,00
2020-W53;16-19;F�rste revaccination;0;3;0;0,00
2020-W53;20-39;Uvaccinerede;89;0;1490187;5,97
2020-W53;20-39;P�begyndt vaccination;0;1;5384;0,00
2020-W53;20-39;Forventet fuld effekt;0;2;0;0,00
2020-W53;20-39;F�rste revaccination;0;3;0;0,00
2020-W53;40-64;Uvaccinerede;286;0;1895683;15,09
2020-W53;40-64;P�begyndt vaccination;0;1;11540;0,00
2020-W53;40-64;Forventet fuld effekt;0;2;0;0,00
2020-W53;40-64;F�rste revaccination;0;3;0;0,00
2020-W53;65-79;Uvaccinerede;305;0;884560;34,48
2020-W53;65-79;P�begyndt vaccination;4;1;2825;141,59
2020-W53;65-79;Forventet fuld effekt;0;2;0;0,00
2020-W53;65-79;F�rste revaccination;0;3;0;0,00
2020-W53;80+;Uvaccinerede;280;0;256021;109,37
2020-W53;80+;P�begyndt vaccination;16;1;3617;442,37
2020-W53;80+;Forventet fuld effekt;0;2;0;0,00
2020-W53;80+;F�rste revaccination;0;3;0;0,00
2021-W01;5-11;Uvaccinerede;2;0;436558;0,46
2021-W01;5-11;P�begyndt vaccination;0;1;0;0,00
2021-W01;5-11;Forventet fuld effekt;0;2;0;0,00
2021-W01;5-11;F�rste revaccination;0;3;0;0,00
2021-W01;12-15;Uvaccinerede;2;0;299022;0,67
2021-W01;12-15;P�begyndt vaccination;0;1;2;0,00
2021-W01;12-15;Forventet fuld effekt;0;2;0;0,00
2021-W01;12-15;F�rste revaccination;0;3;0;0,00
2021-W01;16-19;Uvaccinerede;5;0;279267;1,79
2021-W01;16-19;P�begyndt vaccination;0;1;336;0,00
2021-W01;16-19;Forventet fuld effekt;0;2;0;0,00
2021-W01;16-19;F�rste revaccination;0;3;0;0,00
2021-W01;20-39;Uvaccinerede;73;0;1480246;4,93
2021-W01;20-39;P�begyndt vaccination;3;1;15325;19,58
2021-W01;20-39;Forventet fuld effekt;0;2;0;0,00
2021-W01;20-39;F�rste revaccination;0;3;0;0,00
2021-W01;40-64;Uvaccinerede;233;0;1870141;12,46
2021-W01;40-64;P�begyndt vaccination;7;1;37082;18,88
2021-W01;40-64;Forventet fuld effekt;0;2;0;0,00
2021-W01;40-64;F�rste revaccination;0;3;0;0,00
2021-W01;65-79;Uvaccinerede;246;0;877125;28,05
2021-W01;65-79;P�begyndt vaccination;22;1;10260;214,42
2021-W01;65-79;Forventet fuld effekt;0;2;0;0,00
2021-W01;65-79;F�rste revaccination;0;3;0;0,00
2021-W01;80+;Uvaccinerede;235;0;245484;95,73
2021-W01;80+;P�begyndt vaccination;42;1;14154;296,73
2021-W01;80+;Forventet fuld effekt;0;2;0;0,00
2021-W01;80+;F�rste revaccination;0;3;0;0,00
2021-W02;5-11;Uvaccinerede;1;0;436558;0,23
2021-W02;5-11;P�begyndt vaccination;0;1;0;0,00
2021-W02;5-11;Forventet fuld effekt;0;2;0;0,00
2021-W02;5-11;F�rste revaccination;0;3;0;0,00
2021-W02;12-15;Uvaccinerede;1;0;299022;0,33
2021-W02;12-15;P�begyndt vaccination;0;1;2;0,00
2021-W02;12-15;Forventet fuld effekt;0;2;0;0,00
2021-W02;12-15;F�rste revaccination;0;3;0;0,00
2021-W02;16-19;Uvaccinerede;3;0;279062;1,08
2021-W02;16-19;P�begyndt vaccination;0;1;541;0,00
2021-W02;16-19;Forventet fuld effekt;0;2;0;0,00
2021-W02;16-19;F�rste revaccination;0;3;0;0,00
2021-W02;20-39;Uvaccinerede;48;0;1471590;3,26
2021-W02;20-39;P�begyndt vaccination;1;1;23981;4,17
2021-W02;20-39;Forventet fuld effekt;0;2;0;0,00
2021-W02;20-39;F�rste revaccination;0;3;0;0,00
2021-W02;40-64;Uvaccinerede;178;0;1849550;9,62
2021-W02;40-64;P�begyndt vaccination;15;1;57672;26,01
2021-W02;40-64;Forventet fuld effekt;0;2;1;0,00
2021-W02;40-64;F�rste revaccination;0;3;0;0,00
2021-W02;65-79;Uvaccinerede;183;0;868662;21,07
2021-W02;65-79;P�begyndt vaccination;34;1;18723;181,60
2021-W02;65-79;Forventet fuld effekt;0;2;0;0,00
2021-W02;65-79;F�rste revaccination;0;3;0;0,00
2021-W02;80+;Uvaccinerede;139;0;235644;58,99
2021-W02;80+;P�begyndt vaccination;63;1;23994;262,56
2021-W02;80+;Forventet fuld effekt;0;2;0;0,00
2021-W02;80+;F�rste revaccination;0;3;0;0,00
2021-W03;5-11;Uvaccinerede;1;0;436557;0,23
2021-W03;5-11;P�begyndt vaccination;0;1;1;0,00
2021-W03;5-11;Forventet fuld effekt;0;2;0;0,00
2021-W03;5-11;F�rste revaccination;0;3;0;0,00
2021-W03;12-15;Uvaccinerede;1;0;299021;0,33
2021-W03;12-15;P�begyndt vaccination;0;1;3;0,00
2021-W03;12-15;Forventet fuld effekt;0;2;0;0,00
2021-W03;12-15;F�rste revaccination;0;3;0;0,00
2021-W03;16-19;Uvaccinerede;4;0;278906;1,43
2021-W03;16-19;P�begyndt vaccination;0;1;697;0,00
2021-W03;16-19;Forventet fuld effekt;0;2;0;0,00
2021-W03;16-19;F�rste revaccination;0;3;0;0,00
2021-W03;20-39;Uvaccinerede;44;0;1465468;3,00
2021-W03;20-39;P�begyndt vaccination;2;1;30101;6,64
2021-W03;20-39;Forventet fuld effekt;0;2;3;0,00
2021-W03;20-39;F�rste revaccination;0;3;0;0,00
2021-W03;40-64;Uvaccinerede;145;0;1836862;7,89
2021-W03;40-64;P�begyndt vaccination;12;1;70358;17,06
2021-W03;40-64;Forventet fuld effekt;1;2;3;31818,18
2021-W03;40-64;F�rste revaccination;0;3;0;0,00
2021-W03;65-79;Uvaccinerede;130;0;859898;15,12
2021-W03;65-79;P�begyndt vaccination;24;1;27487;87,32
2021-W03;65-79;Forventet fuld effekt;0;2;0;0,00
2021-W03;65-79;F�rste revaccination;0;3;0;0,00
2021-W03;80+;Uvaccinerede;105;0;226102;46,44
2021-W03;80+;P�begyndt vaccination;60;1;33536;178,91
2021-W03;80+;Forventet fuld effekt;0;2;0;0,00
2021-W03;80+;F�rste revaccination;0;3;0;0,00
2021-W04;16-19;Uvaccinerede;3;0;278860;1,08
2021-W04;16-19;P�begyndt vaccination;0;1;742;0,00
2021-W04;16-19;Forventet fuld effekt;0;2;0;0,00
2021-W04;16-19;F�rste revaccination;0;3;0;0,00
2021-W04;20-39;Uvaccinerede;41;0;1464502;2,80
2021-W04;20-39;P�begyndt vaccination;0;1;31046;0,00
2021-W04;20-39;Forventet fuld effekt;0;2;23;0,00
2021-W04;20-39;F�rste revaccination;0;3;0;0,00
2021-W04;40-64;Uvaccinerede;87;0;1834729;4,74
2021-W04;40-64;P�begyndt vaccination;3;1;72443;4,14
2021-W04;40-64;Forventet fuld effekt;2;2;51;3943,66
2021-W04;40-64;F�rste revaccination;0;3;0;0,00
2021-W04;65-79;Uvaccinerede;84;0;858859;9,78
2021-W04;65-79;P�begyndt vaccination;10;1;28511;35,07
2021-W04;65-79;Forventet fuld effekt;0;2;15;0,00
2021-W04;65-79;F�rste revaccination;0;3;0;0,00
2021-W04;80+;Uvaccinerede;70;0;225047;31,10
2021-W04;80+;P�begyndt vaccination;29;1;34570;83,89
2021-W04;80+;Forventet fuld effekt;0;2;20;0,00
2021-W04;80+;F�rste revaccination;0;3;0;0,00
2021-W05;5-11;Uvaccinerede;2;0;436557;0,46
2021-W05;5-11;P�begyndt vaccination;0;1;1;0,00
2021-W05;5-11;Forventet fuld effekt;0;2;0;0,00
2021-W05;5-11;F�rste revaccination;0;3;0;0,00
2021-W05;16-19;Uvaccinerede;2;0;278794;0,72
2021-W05;16-19;P�begyndt vaccination;0;1;772;0,00
2021-W05;16-19;Forventet fuld effekt;0;2;36;0,00
2021-W05;16-19;F�rste revaccination;0;3;0;0,00
2021-W05;20-39;Uvaccinerede;24;0;1463403;1,64
2021-W05;20-39;P�begyndt vaccination;0;1;30176;0,00
2021-W05;20-39;Forventet fuld effekt;0;2;1992;0,00
2021-W05;20-39;F�rste revaccination;0;3;0;0,00
2021-W05;40-64;Uvaccinerede;68;0;1832358;3,71
2021-W05;40-64;P�begyndt vaccination;1;1;69744;1,43
2021-W05;40-64;Forventet fuld effekt;0;2;5121;0,00
2021-W05;40-64;F�rste revaccination;0;3;0;0,00
2021-W05;65-79;Uvaccinerede;67;0;857258;7,82
2021-W05;65-79;P�begyndt vaccination;12;1;28365;42,31
2021-W05;65-79;Forventet fuld effekt;1;2;1762;56,74
2021-W05;65-79;F�rste revaccination;0;3;0;0,00
2021-W05;80+;Uvaccinerede;32;0;223183;14,34
2021-W05;80+;P�begyndt vaccination;16;1;33936;47,15
2021-W05;80+;Forventet fuld effekt;0;2;2519;0,00
2021-W05;80+;F�rste revaccination;0;3;0;0,00
2021-W06;5-11;Uvaccinerede;2;0;436557;0,46
2021-W06;5-11;P�begyndt vaccination;1;1;1;100000,00
2021-W06;5-11;Forventet fuld effekt;0;2;0;0,00
2021-W06;5-11;F�rste revaccination;0;3;0;0,00
2021-W06;12-15;Uvaccinerede;2;0;299016;0,67
2021-W06;12-15;P�begyndt vaccination;0;1;6;0,00
2021-W06;12-15;Forventet fuld effekt;0;2;2;0,00
2021-W06;12-15;F�rste revaccination;0;3;0;0,00
2021-W06;16-19;Uvaccinerede;2;0;278692;0,72
2021-W06;16-19;P�begyndt vaccination;0;1;727;0,00
2021-W06;16-19;Forventet fuld effekt;0;2;184;0,00
2021-W06;16-19;F�rste revaccination;0;3;0;0,00
2021-W06;20-39;Uvaccinerede;31;0;1460479;2,12
2021-W06;20-39;P�begyndt vaccination;1;1;26522;3,77
2021-W06;20-39;Forventet fuld effekt;0;2;8570;0,00
2021-W06;20-39;F�rste revaccination;0;3;0;0,00
2021-W06;40-64;Uvaccinerede;68;0;1827173;3,72
2021-W06;40-64;P�begyndt vaccination;2;1;57995;3,45
2021-W06;40-64;Forventet fuld effekt;0;2;22055;0,00
2021-W06;40-64;F�rste revaccination;0;3;0;0,00
2021-W06;65-79;Uvaccinerede;51;0;855656;5,96
2021-W06;65-79;P�begyndt vaccination;8;1;24374;32,82
2021-W06;65-79;Forventet fuld effekt;1;2;7356;13,60
2021-W06;65-79;F�rste revaccination;0;3;0;0,00
2021-W06;80+;Uvaccinerede;26;0;214494;12,12
2021-W06;80+;P�begyndt vaccination;10;1;34768;28,76
2021-W06;80+;Forventet fuld effekt;1;2;10376;9,64
2021-W06;80+;F�rste revaccination;0;3;0;0,00
2021-W07;5-11;Uvaccinerede;2;0;436557;0,46
2021-W07;5-11;P�begyndt vaccination;0;1;1;0,00
2021-W07;5-11;Forventet fuld effekt;0;2;0;0,00
2021-W07;5-11;F�rste revaccination;0;3;0;0,00
2021-W07;12-15;Uvaccinerede;1;0;299015;0,33
2021-W07;12-15;P�begyndt vaccination;0;1;7;0,00
2021-W07;12-15;Forventet fuld effekt;0;2;2;0,00
2021-W07;12-15;F�rste revaccination;0;3;0;0,00
2021-W07;16-19;Uvaccinerede;1;0;278353;0,36
2021-W07;16-19;P�begyndt vaccination;0;1;782;0,00
2021-W07;16-19;Forventet fuld effekt;0;2;468;0,00
2021-W07;16-19;F�rste revaccination;0;3;0;0,00
2021-W07;20-39;Uvaccinerede;20;0;1451657;1,38
2021-W07;20-39;P�begyndt vaccination;0;1;24803;0,00
2021-W07;20-39;Forventet fuld effekt;0;2;19110;0,00
2021-W07;20-39;F�rste revaccination;0;3;0;0,00
2021-W07;40-64;Uvaccinerede;63;0;1809890;3,48
2021-W07;40-64;P�begyndt vaccination;0;1;48061;0,00
2021-W07;40-64;Forventet fuld effekt;0;2;49272;0,00
2021-W07;40-64;F�rste revaccination;0;3;0;0,00
2021-W07;65-79;Uvaccinerede;37;0;851526;4,35
2021-W07;65-79;P�begyndt vaccination;4;1;18743;21,34
2021-W07;65-79;Forventet fuld effekt;2;2;17115;11,69
2021-W07;65-79;F�rste revaccination;0;3;0;0,00
2021-W07;80+;Uvaccinerede;35;0;183238;19,10
2021-W07;80+;P�begyndt vaccination;7;1;54026;12,96
2021-W07;80+;Forventet fuld effekt;2;2;22374;8,94
2021-W07;80+;F�rste revaccination;0;3;0;0,00
2021-W08;5-11;Uvaccinerede;1;0;436557;0,23
2021-W08;5-11;P�begyndt vaccination;0;1;1;0,00
2021-W08;5-11;Forventet fuld effekt;0;2;0;0,00
2021-W08;5-11;F�rste revaccination;0;3;0;0,00
2021-W08;12-15;Uvaccinerede;1;0;299011;0,33
2021-W08;12-15;P�begyndt vaccination;0;1;11;0,00
2021-W08;12-15;Forventet fuld effekt;0;2;2;0,00
2021-W08;12-15;F�rste revaccination;0;3;0;0,00
2021-W08;16-19;Uvaccinerede;3;0;277851;1,08
2021-W08;16-19;P�begyndt vaccination;0;1;1114;0,00
2021-W08;16-19;Forventet fuld effekt;0;2;638;0,00
2021-W08;16-19;F�rste revaccination;0;3;0;0,00
2021-W08;20-39;Uvaccinerede;34;0;1438054;2,36
2021-W08;20-39;P�begyndt vaccination;0;1;31264;0,00
2021-W08;20-39;Forventet fuld effekt;0;2;26252;0,00
2021-W08;20-39;F�rste revaccination;0;3;1;0,00
2021-W08;40-64;Uvaccinerede;76;0;1780853;4,27
2021-W08;40-64;P�begyndt vaccination;3;1;62208;4,82
2021-W08;40-64;Forventet fuld effekt;3;2;64162;4,68
2021-W08;40-64;F�rste revaccination;0;3;0;0,00
2021-W08;65-79;Uvaccinerede;42;0;838999;5,01
2021-W08;65-79;P�begyndt vaccination;4;1;23419;17,08
2021-W08;65-79;Forventet fuld effekt;0;2;24967;0,00
2021-W08;65-79;F�rste revaccination;0;3;0;0,00
2021-W08;80+;Uvaccinerede;18;0;148099;12,15
2021-W08;80+;P�begyndt vaccination;12;1;79929;15,01
2021-W08;80+;Forventet fuld effekt;1;2;31610;3,16
2021-W08;80+;F�rste revaccination;0;3;0;0,00
2021-W09;5-11;Uvaccinerede;2;0;436557;0,46
2021-W09;5-11;P�begyndt vaccination;0;1;1;0,00
2021-W09;5-11;Forventet fuld effekt;0;2;0;0,00
2021-W09;5-11;F�rste revaccination;0;3;0;0,00
2021-W09;12-15;Uvaccinerede;1;0;298985;0,33
2021-W09;12-15;P�begyndt vaccination;0;1;36;0,00
2021-W09;12-15;Forventet fuld effekt;0;2;3;0,00
2021-W09;12-15;F�rste revaccination;0;3;0;0,00
2021-W09;16-19;Uvaccinerede;3;0;277042;1,08
2021-W09;16-19;P�begyndt vaccination;1;1;1849;54,08
2021-W09;16-19;Forventet fuld effekt;1;2;712;140,48
2021-W09;16-19;F�rste revaccination;0;3;0;0,00
2021-W09;20-39;Uvaccinerede;38;0;1417501;2,68
2021-W09;20-39;P�begyndt vaccination;0;1;48491;0,00
2021-W09;20-39;Forventet fuld effekt;0;2;29578;0,00
2021-W09;20-39;F�rste revaccination;0;3;1;0,00
2021-W09;40-64;Uvaccinerede;79;0;1734252;4,56
2021-W09;40-64;P�begyndt vaccination;3;1;102991;2,91
2021-W09;40-64;Forventet fuld effekt;1;2;69980;1,43
2021-W09;40-64;F�rste revaccination;0;3;0;0,00
2021-W09;65-79;Uvaccinerede;49;0;810472;6,05
2021-W09;65-79;P�begyndt vaccination;8;1;49473;16,17
2021-W09;65-79;Forventet fuld effekt;1;2;27440;3,64
2021-W09;65-79;F�rste revaccination;0;3;0;0,00
2021-W09;80+;Uvaccinerede;21;0;133950;15,68
2021-W09;80+;P�begyndt vaccination;13;1;92349;14,08
2021-W09;80+;Forventet fuld effekt;2;2;33339;6,00
2021-W09;80+;F�rste revaccination;0;3;0;0,00
2021-W10;12-15;Uvaccinerede;1;0;298964;0,33
2021-W10;12-15;P�begyndt vaccination;0;1;57;0,00
2021-W10;12-15;Forventet fuld effekt;0;2;3;0,00
2021-W10;12-15;F�rste revaccination;0;3;0;0,00
2021-W10;16-19;Uvaccinerede;2;0;276343;0,72
2021-W10;16-19;P�begyndt vaccination;0;1;2490;0,00
2021-W10;16-19;Forventet fuld effekt;0;2;770;0,00
2021-W10;16-19;F�rste revaccination;0;3;0;0,00
2021-W10;20-39;Uvaccinerede;32;0;1398899;2,29
2021-W10;20-39;P�begyndt vaccination;0;1;65870;0,00
2021-W10;20-39;Forventet fuld effekt;1;2;30801;3,25
2021-W10;20-39;F�rste revaccination;0;3;1;0,00
2021-W10;40-64;Uvaccinerede;76;0;1699215;4,47
2021-W10;40-64;P�begyndt vaccination;8;1;135422;5,91
2021-W10;40-64;Forventet fuld effekt;1;2;72585;1,38
2021-W10;40-64;F�rste revaccination;0;3;1;0,00
2021-W10;65-79;Uvaccinerede;47;0;790200;5,95
2021-W10;65-79;P�begyndt vaccination;10;1;67992;14,71
2021-W10;65-79;Forventet fuld effekt;0;2;29191;0,00
2021-W10;65-79;F�rste revaccination;0;3;2;0,00
2021-W10;80+;Uvaccinerede;14;0;124324;11,26
2021-W10;80+;P�begyndt vaccination;6;1;100647;5,96
2021-W10;80+;Forventet fuld effekt;2;2;34666;5,77
2021-W10;80+;F�rste revaccination;0;3;1;0,00
2021-W11;5-11;Uvaccinerede;1;0;436557;0,23
2021-W11;5-11;P�begyndt vaccination;0;1;1;0,00
2021-W11;5-11;Forventet fuld effekt;0;2;0;0,00
2021-W11;5-11;F�rste revaccination;0;3;0;0,00
2021-W11;12-15;Uvaccinerede;1;0;298951;0,33
2021-W11;12-15;P�begyndt vaccination;0;1;67;0,00
2021-W11;12-15;Forventet fuld effekt;0;2;6;0,00
2021-W11;12-15;F�rste revaccination;0;3;0;0,00
2021-W11;16-19;Uvaccinerede;3;0;276081;1,09
2021-W11;16-19;P�begyndt vaccination;0;1;2685;0,00
2021-W11;16-19;Forventet fuld effekt;0;2;838;0,00
2021-W11;16-19;F�rste revaccination;0;3;0;0,00
2021-W11;20-39;Uvaccinerede;20;0;1393448;1,44
2021-W11;20-39;P�begyndt vaccination;1;1;70017;1,43
2021-W11;20-39;Forventet fuld effekt;0;2;32104;0,00
2021-W11;20-39;F�rste revaccination;0;3;2;0,00
2021-W11;40-64;Uvaccinerede;89;0;1687414;5,27
2021-W11;40-64;P�begyndt vaccination;9;1;144398;6,23
2021-W11;40-64;Forventet fuld effekt;0;2;75407;0,00
2021-W11;40-64;F�rste revaccination;1;3;3;30434,78
2021-W11;65-79;Uvaccinerede;45;0;779805;5,77
2021-W11;65-79;P�begyndt vaccination;6;1;76552;7,84
2021-W11;65-79;Forventet fuld effekt;1;2;31022;3,22
2021-W11;65-79;F�rste revaccination;0;3;6;0,00
2021-W11;80+;Uvaccinerede;20;0;111063;18,01
2021-W11;80+;P�begyndt vaccination;6;1;108464;5,53
2021-W11;80+;Forventet fuld effekt;2;2;40109;4,99
2021-W11;80+;F�rste revaccination;0;3;2;0,00
2021-W12;16-19;Uvaccinerede;3;0;275813;1,09
2021-W12;16-19;P�begyndt vaccination;0;1;2892;0,00
2021-W12;16-19;Forventet fuld effekt;0;2;898;0,00
2021-W12;16-19;F�rste revaccination;0;3;0;0,00
2021-W12;20-39;Uvaccinerede;49;0;1389340;3,53
2021-W12;20-39;P�begyndt vaccination;0;1;72682;0,00
2021-W12;20-39;Forventet fuld effekt;2;2;33545;5,96
2021-W12;20-39;F�rste revaccination;0;3;4;0,00
2021-W12;40-64;Uvaccinerede;107;0;1677965;6,38
2021-W12;40-64;P�begyndt vaccination;2;1;150410;1,33
2021-W12;40-64;Forventet fuld effekt;2;2;78841;2,54
2021-W12;40-64;F�rste revaccination;1;3;7;13461,54
2021-W12;65-79;Uvaccinerede;56;0;769520;7,28
2021-W12;65-79;P�begyndt vaccination;9;1;83369;10,80
2021-W12;65-79;Forventet fuld effekt;0;2;34487;0,00
2021-W12;65-79;F�rste revaccination;0;3;9;0,00
2021-W12;80+;Uvaccinerede;8;0;87541;9,14
2021-W12;80+;P�begyndt vaccination;4;1;101253;3,95
2021-W12;80+;Forventet fuld effekt;5;2;70837;7,06
2021-W12;80+;F�rste revaccination;0;3;7;0,00
2021-W13;5-11;Uvaccinerede;2;0;436557;0,46
2021-W13;5-11;P�begyndt vaccination;0;1;1;0,00
2021-W13;5-11;Forventet fuld effekt;0;2;0;0,00
2021-W13;5-11;F�rste revaccination;0;3;0;0,00
2021-W13;12-15;Uvaccinerede;1;0;298945;0,33
2021-W13;12-15;P�begyndt vaccination;0;1;70;0,00
2021-W13;12-15;Forventet fuld effekt;0;2;9;0,00
2021-W13;12-15;F�rste revaccination;0;3;0;0,00
2021-W13;16-19;Uvaccinerede;1;0;275600;0,36
2021-W13;16-19;P�begyndt vaccination;0;1;2958;0,00
2021-W13;16-19;Forventet fuld effekt;0;2;1045;0,00
2021-W13;16-19;F�rste revaccination;0;3;0;0,00
2021-W13;20-39;Uvaccinerede;47;0;1385998;3,39
2021-W13;20-39;P�begyndt vaccination;0;1;73435;0,00
2021-W13;20-39;Forventet fuld effekt;0;2;36133;0,00
2021-W13;20-39;F�rste revaccination;0;3;4;0,00
2021-W13;40-64;Uvaccinerede;109;0;1667871;6,54
2021-W13;40-64;P�begyndt vaccination;3;1;152606;1,97
2021-W13;40-64;Forventet fuld effekt;0;2;86737;0,00
2021-W13;40-64;F�rste revaccination;0;3;10;0,00
2021-W13;65-79;Uvaccinerede;56;0;739845;7,57
2021-W13;65-79;P�begyndt vaccination;8;1;101053;7,92
2021-W13;65-79;Forventet fuld effekt;2;2;46476;4,30
2021-W13;65-79;F�rste revaccination;0;3;10;0,00
2021-W13;80+;Uvaccinerede;15;0;53923;27,82
2021-W13;80+;P�begyndt vaccination;9;1;99219;9,07
2021-W13;80+;Forventet fuld effekt;1;2;106487;0,94
2021-W13;80+;F�rste revaccination;0;3;8;0,00
2021-W14;5-11;Uvaccinerede;1;0;436556;0,23
2021-W14;5-11;P�begyndt vaccination;0;1;2;0,00
2021-W14;5-11;Forventet fuld effekt;0;2;0;0,00
2021-W14;5-11;F�rste revaccination;0;3;0;0,00
2021-W14;16-19;Uvaccinerede;5;0;275399;1,82
2021-W14;16-19;P�begyndt vaccination;0;1;2895;0,00
2021-W14;16-19;Forventet fuld effekt;0;2;1310;0,00
2021-W14;16-19;F�rste revaccination;0;3;0;0,00
2021-W14;20-39;Uvaccinerede;46;0;1383337;3,33
2021-W14;20-39;P�begyndt vaccination;1;1;72331;1,38
2021-W14;20-39;Forventet fuld effekt;1;2;39900;2,51
2021-W14;20-39;F�rste revaccination;0;3;4;0,00
2021-W14;40-64;Uvaccinerede;100;0;1660374;6,02
2021-W14;40-64;P�begyndt vaccination;1;1;147171;0,68
2021-W14;40-64;Forventet fuld effekt;1;2;99667;1,00
2021-W14;40-64;F�rste revaccination;0;3;12;0,00
2021-W14;65-79;Uvaccinerede;47;0;684007;6,87
2021-W14;65-79;P�begyndt vaccination;6;1;134882;4,45
2021-W14;65-79;Forventet fuld effekt;1;2;68484;1,46
2021-W14;65-79;F�rste revaccination;0;3;12;0,00
2021-W14;80+;Uvaccinerede;9;0;34040;26,44
2021-W14;80+;P�begyndt vaccination;6;1;105147;5,71
2021-W14;80+;Forventet fuld effekt;2;2;120443;1,66
2021-W14;80+;F�rste revaccination;0;3;8;0,00
2021-W15;5-11;Uvaccinerede;2;0;436556;0,46
2021-W15;5-11;P�begyndt vaccination;0;1;2;0,00
2021-W15;5-11;Forventet fuld effekt;0;2;0;0,00
2021-W15;5-11;F�rste revaccination;0;3;0;0,00
2021-W15;16-19;Uvaccinerede;3;0;275196;1,09
2021-W15;16-19;P�begyndt vaccination;0;1;2843;0,00
2021-W15;16-19;Forventet fuld effekt;0;2;1564;0,00
2021-W15;16-19;F�rste revaccination;0;3;0;0,00
2021-W15;20-39;Uvaccinerede;50;0;1380573;3,62
2021-W15;20-39;P�begyndt vaccination;1;1;71697;1,39
2021-W15;20-39;Forventet fuld effekt;0;2;43295;0,00
2021-W15;20-39;F�rste revaccination;0;3;5;0,00
2021-W15;40-64;Uvaccinerede;99;0;1653739;5,99
2021-W15;40-64;P�begyndt vaccination;1;1;142852;0,70
2021-W15;40-64;Forventet fuld effekt;1;2;110617;0,90
2021-W15;40-64;F�rste revaccination;0;3;14;0,00
2021-W15;65-79;Uvaccinerede;45;0;530277;8,49
2021-W15;65-79;P�begyndt vaccination;11;1;268822;4,09
2021-W15;65-79;Forventet fuld effekt;2;2;88270;2,27
2021-W15;65-79;F�rste revaccination;0;3;16;0,00
2021-W15;80+;Uvaccinerede;5;0;21446;23,31
2021-W15;80+;P�begyndt vaccination;5;1;109516;4,57
2021-W15;80+;Forventet fuld effekt;5;2;128668;3,89
2021-W15;80+;F�rste revaccination;0;3;8;0,00
2021-W16;16-19;Uvaccinerede;4;0;275020;1,45
2021-W16;16-19;P�begyndt vaccination;0;1;2803;0,00
2021-W16;16-19;Forventet fuld effekt;0;2;1780;0,00
2021-W16;16-19;F�rste revaccination;1;3;0;0,00
2021-W16;20-39;Uvaccinerede;54;0;1378392;3,92
2021-W16;20-39;P�begyndt vaccination;0;1;70261;0,00
2021-W16;20-39;Forventet fuld effekt;0;2;46913;0,00
2021-W16;20-39;F�rste revaccination;1;3;6;17500,00
2021-W16;40-64;Uvaccinerede;91;0;1648470;5,52
2021-W16;40-64;P�begyndt vaccination;2;1;138543;1,44
2021-W16;40-64;Forventet fuld effekt;3;2;120193;2,50
2021-W16;40-64;F�rste revaccination;0;3;17;0,00
2021-W16;65-79;Uvaccinerede;30;0;395922;7,58
2021-W16;65-79;P�begyndt vaccination;9;1;390054;2,31
2021-W16;65-79;Forventet fuld effekt;4;2;101388;3,95
2021-W16;65-79;F�rste revaccination;0;3;21;0,00
2021-W16;80+;Uvaccinerede;1;0;18089;5,53
2021-W16;80+;P�begyndt vaccination;5;1;103405;4,84
2021-W16;80+;Forventet fuld effekt;10;2;138135;7,24
2021-W16;80+;F�rste revaccination;0;3;9;0,00
2021-W17;12-15;Uvaccinerede;1;0;298938;0,33
2021-W17;12-15;P�begyndt vaccination;0;1;21;0,00
2021-W17;12-15;Forventet fuld effekt;0;2;65;0,00
2021-W17;12-15;F�rste revaccination;0;3;0;0,00
2021-W17;16-19;Uvaccinerede;5;0;274837;1,82
2021-W17;16-19;P�begyndt vaccination;0;1;2678;0,00
2021-W17;16-19;Forventet fuld effekt;0;2;2088;0,00
2021-W17;16-19;F�rste revaccination;0;3;0;0,00
2021-W17;20-39;Uvaccinerede;47;0;1376321;3,41
2021-W17;20-39;P�begyndt vaccination;0;1;67278;0,00
2021-W17;20-39;Forventet fuld effekt;1;2;51966;1,92
2021-W17;20-39;F�rste revaccination;0;3;7;0,00
2021-W17;40-64;Uvaccinerede;107;0;1638824;6,53
2021-W17;40-64;P�begyndt vaccination;2;1;136372;1,47
2021-W17;40-64;Forventet fuld effekt;2;2;132004;1,52
2021-W17;40-64;F�rste revaccination;1;3;24;4216,87
2021-W17;65-79;Uvaccinerede;23;0;255213;9,01
2021-W17;65-79;P�begyndt vaccination;20;1;518150;3,86
2021-W17;65-79;Forventet fuld effekt;5;2;114000;4,39
2021-W17;65-79;F�rste revaccination;0;3;22;0,00
2021-W17;80+;Uvaccinerede;3;0;15964;18,79
2021-W17;80+;P�begyndt vaccination;1;1;82076;1,22
2021-W17;80+;Forventet fuld effekt;4;2;161587;2,48
2021-W17;80+;F�rste revaccination;0;3;11;0,00
2021-W18;5-11;Uvaccinerede;1;0;436555;0,23
2021-W18;5-11;P�begyndt vaccination;0;1;3;0,00
2021-W18;5-11;Forventet fuld effekt;0;2;0;0,00
2021-W18;5-11;F�rste revaccination;0;3;0;0,00
2021-W18;16-19;Uvaccinerede;1;0;274639;0,36
2021-W18;16-19;P�begyndt vaccination;0;1;2679;0,00
2021-W18;16-19;Forventet fuld effekt;0;2;2284;0,00
2021-W18;16-19;F�rste revaccination;0;3;1;0,00
2021-W18;20-39;Uvaccinerede;46;0;1373868;3,35
2021-W18;20-39;P�begyndt vaccination;1;1;66815;1,50
2021-W18;20-39;Forventet fuld effekt;3;2;54879;5,47
2021-W18;20-39;F�rste revaccination;0;3;9;0,00
2021-W18;40-64;Uvaccinerede;111;0;1598345;6,94
2021-W18;40-64;P�begyndt vaccination;1;1;167224;0,60
2021-W18;40-64;Forventet fuld effekt;1;2;141625;0,71
2021-W18;40-64;F�rste revaccination;0;3;29;0,00
2021-W18;65-79;Uvaccinerede;15;0;162396;9,24
2021-W18;65-79;P�begyndt vaccination;14;1;591125;2,37
2021-W18;65-79;Forventet fuld effekt;5;2;133841;3,74
2021-W18;65-79;F�rste revaccination;0;3;23;0,00
2021-W18;80+;Uvaccinerede;4;0;14497;27,59
2021-W18;80+;P�begyndt vaccination;3;1;49150;6,10
2021-W18;80+;Forventet fuld effekt;3;2;195977;1,53
2021-W18;80+;F�rste revaccination;0;3;13;0,00
2021-W19;5-11;Uvaccinerede;2;0;436555;0,46
2021-W19;5-11;P�begyndt vaccination;0;1;2;0,00
2021-W19;5-11;Forventet fuld effekt;0;2;1;0,00
2021-W19;5-11;F�rste revaccination;0;3;0;0,00
2021-W19;12-15;Uvaccinerede;1;0;298920;0,33
2021-W19;12-15;P�begyndt vaccination;0;1;36;0,00
2021-W19;12-15;Forventet fuld effekt;0;2;68;0,00
2021-W19;12-15;F�rste revaccination;0;3;0;0,00
2021-W19;16-19;Uvaccinerede;9;0;274455;3,28
2021-W19;16-19;P�begyndt vaccination;0;1;2675;0,00
2021-W19;16-19;Forventet fuld effekt;0;2;2472;0,00
2021-W19;16-19;F�rste revaccination;0;3;1;0,00
2021-W19;20-39;Uvaccinerede;54;0;1370993;3,94
2021-W19;20-39;P�begyndt vaccination;0;1;66707;0,00
2021-W19;20-39;Forventet fuld effekt;2;2;57854;3,46
2021-W19;20-39;F�rste revaccination;0;3;17;0,00
2021-W19;40-64;Uvaccinerede;114;0;1520833;7,50
2021-W19;40-64;P�begyndt vaccination;5;1;236856;2,11
2021-W19;40-64;Forventet fuld effekt;6;2;149489;4,01
2021-W19;40-64;F�rste revaccination;1;3;45;2229,30
2021-W19;65-79;Uvaccinerede;22;0;98242;22,39
2021-W19;65-79;P�begyndt vaccination;23;1;608085;3,78
2021-W19;65-79;Forventet fuld effekt;8;2;181033;4,42
2021-W19;65-79;F�rste revaccination;0;3;25;0,00
2021-W19;80+;Uvaccinerede;4;0;13411;29,83
2021-W19;80+;P�begyndt vaccination;0;1;28249;0,00
2021-W19;80+;Forventet fuld effekt;4;2;217965;1,84
2021-W19;80+;F�rste revaccination;0;3;14;0,00
2021-W20;5-11;Uvaccinerede;2;0;436555;0,46
2021-W20;5-11;P�begyndt vaccination;0;1;2;0,00
2021-W20;5-11;Forventet fuld effekt;0;2;1;0,00
2021-W20;5-11;F�rste revaccination;0;3;0;0,00
2021-W20;12-15;Uvaccinerede;1;0;298877;0,33
2021-W20;12-15;P�begyndt vaccination;0;1;77;0,00
2021-W20;12-15;Forventet fuld effekt;0;2;71;0,00
2021-W20;12-15;F�rste revaccination;0;3;0;0,00
2021-W20;16-19;Uvaccinerede;2;0;274235;0,73
2021-W20;16-19;P�begyndt vaccination;0;1;2569;0,00
2021-W20;16-19;Forventet fuld effekt;0;2;2798;0,00
2021-W20;16-19;F�rste revaccination;0;3;1;0,00
2021-W20;20-39;Uvaccinerede;52;0;1368024;3,80
2021-W20;20-39;P�begyndt vaccination;1;1;61841;1,62
2021-W20;20-39;Forventet fuld effekt;0;2;65681;0,00
2021-W20;20-39;F�rste revaccination;1;3;26;3888,89
2021-W20;40-64;Uvaccinerede;116;0;1380238;8,40
2021-W20;40-64;P�begyndt vaccination;4;1;360940;1,11
2021-W20;40-64;Forventet fuld effekt;0;2;165985;0,00
2021-W20;40-64;F�rste revaccination;0;3;61;0,00
2021-W20;65-79;Uvaccinerede;3;0;66537;4,51
2021-W20;65-79;P�begyndt vaccination;10;1;518933;1,93
2021-W20;65-79;Forventet fuld effekt;4;2;301889;1,32
2021-W20;65-79;F�rste revaccination;0;3;27;0,00
2021-W20;80+;Uvaccinerede;1;0;12651;7,90
2021-W20;80+;P�begyndt vaccination;0;1;16163;0,00
2021-W20;80+;Forventet fuld effekt;3;2;230810;1,30
2021-W20;80+;F�rste revaccination;0;3;15;0,00
2021-W21;5-11;Uvaccinerede;2;0;436554;0,46
2021-W21;5-11;P�begyndt vaccination;0;1;3;0,00
2021-W21;5-11;Forventet fuld effekt;0;2;1;0,00
2021-W21;5-11;F�rste revaccination;0;3;0;0,00
2021-W21;12-15;Uvaccinerede;1;0;298850;0,33
2021-W21;12-15;P�begyndt vaccination;0;1;99;0,00
2021-W21;12-15;Forventet fuld effekt;0;2;75;0,00
2021-W21;12-15;F�rste revaccination;0;3;0;0,00
2021-W21;16-19;Uvaccinerede;4;0;272730;1,47
2021-W21;16-19;P�begyndt vaccination;0;1;3664;0,00
2021-W21;16-19;Forventet fuld effekt;0;2;3209;0,00
2021-W21;16-19;F�rste revaccination;0;3;1;0,00
2021-W21;20-39;Uvaccinerede;49;0;1365020;3,59
2021-W21;20-39;P�begyndt vaccination;1;1;54522;1,83
2021-W21;20-39;Forventet fuld effekt;1;2;75999;1,32
2021-W21;20-39;F�rste revaccination;0;3;30;0,00
2021-W21;40-64;Uvaccinerede;96;0;1169288;8,21
2021-W21;40-64;P�begyndt vaccination;14;1;549815;2,55
2021-W21;40-64;Forventet fuld effekt;1;2;188049;0,53
2021-W21;40-64;F�rste revaccination;0;3;71;0,00
2021-W21;65-79;Uvaccinerede;7;0;52252;13,40
2021-W21;65-79;P�begyndt vaccination;9;1;391461;2,30
2021-W21;65-79;Forventet fuld effekt;3;2;443642;0,68
2021-W21;65-79;F�rste revaccination;0;3;30;0,00
2021-W21;80+;Uvaccinerede;0;0;12019;0,00
2021-W21;80+;P�begyndt vaccination;0;1;8855;0,00
2021-W21;80+;Forventet fuld effekt;4;2;238749;1,68
2021-W21;80+;F�rste revaccination;0;3;15;0,00
2021-W22;12-15;Uvaccinerede;2;0;298834;0,67
2021-W22;12-15;P�begyndt vaccination;0;1;111;0,00
2021-W22;12-15;Forventet fuld effekt;0;2;79;0,00
2021-W22;12-15;F�rste revaccination;0;3;0;0,00
2021-W22;16-19;Uvaccinerede;3;0;263210;1,14
2021-W22;16-19;P�begyndt vaccination;0;1;12660;0,00
2021-W22;16-19;Forventet fuld effekt;0;2;3733;0,00
2021-W22;16-19;F�rste revaccination;1;3;1;100000,00
2021-W22;20-39;Uvaccinerede;46;0;1358345;3,39
2021-W22;20-39;P�begyndt vaccination;0;1;47749;0,00
2021-W22;20-39;Forventet fuld effekt;3;2;89445;3,35
2021-W22;20-39;F�rste revaccination;0;3;32;0,00
2021-W22;40-64;Uvaccinerede;69;0;932372;7,40
2021-W22;40-64;P�begyndt vaccination;18;1;759272;2,37
2021-W22;40-64;Forventet fuld effekt;3;2;215500;1,39
2021-W22;40-64;F�rste revaccination;0;3;79;0,00
2021-W22;65-79;Uvaccinerede;6;0;44911;13,36
2021-W22;65-79;P�begyndt vaccination;4;1;281968;1,42
2021-W22;65-79;Forventet fuld effekt;3;2;560472;0,54
2021-W22;65-79;F�rste revaccination;0;3;34;0,00
2021-W22;80+;Uvaccinerede;1;0;11466;8,72
2021-W22;80+;P�begyndt vaccination;0;1;6608;0,00
2021-W22;80+;Forventet fuld effekt;7;2;241547;2,90
2021-W22;80+;F�rste revaccination;0;3;17;0,00
2021-W23;5-11;Uvaccinerede;1;0;436547;0,23
2021-W23;5-11;P�begyndt vaccination;0;1;10;0,00
2021-W23;5-11;Forventet fuld effekt;0;2;1;0,00
2021-W23;5-11;F�rste revaccination;0;3;0;0,00
2021-W23;12-15;Uvaccinerede;5;0;298818;1,67
2021-W23;12-15;P�begyndt vaccination;0;1;125;0,00
2021-W23;12-15;Forventet fuld effekt;0;2;81;0,00
2021-W23;12-15;F�rste revaccination;0;3;0;0,00
2021-W23;16-19;Uvaccinerede;3;0;218399;1,37
2021-W23;16-19;P�begyndt vaccination;1;1;56937;1,76
2021-W23;16-19;Forventet fuld effekt;0;2;4266;0,00
2021-W23;16-19;F�rste revaccination;0;3;1;0,00
2021-W23;20-39;Uvaccinerede;29;0;1330498;2,18
2021-W23;20-39;P�begyndt vaccination;1;1;61569;1,62
2021-W23;20-39;Forventet fuld effekt;2;2;103468;1,93
2021-W23;20-39;F�rste revaccination;0;3;35;0,00
2021-W23;40-64;Uvaccinerede;53;0;705839;7,51
2021-W23;40-64;P�begyndt vaccination;22;1;959772;2,29
2021-W23;40-64;Forventet fuld effekt;4;2;241525;1,66
2021-W23;40-64;F�rste revaccination;0;3;87;0,00
2021-W23;65-79;Uvaccinerede;5;0;41361;12,09
2021-W23;65-79;P�begyndt vaccination;1;1;238965;0,42
2021-W23;65-79;Forventet fuld effekt;4;2;607024;0,66
2021-W23;65-79;F�rste revaccination;0;3;35;0,00
2021-W23;80+;Uvaccinerede;1;0;11087;9,02
2021-W23;80+;P�begyndt vaccination;0;1;5702;0,00
2021-W23;80+;Forventet fuld effekt;3;2;242829;1,24
2021-W23;80+;F�rste revaccination;0;3;19;0,00
2021-W24;5-11;Uvaccinerede;1;0;436545;0,23
2021-W24;5-11;P�begyndt vaccination;0;1;12;0,00
2021-W24;5-11;Forventet fuld effekt;0;2;1;0,00
2021-W24;5-11;F�rste revaccination;0;3;0;0,00
2021-W24;12-15;Uvaccinerede;1;0;298799;0,33
2021-W24;12-15;P�begyndt vaccination;0;1;126;0,00
2021-W24;12-15;Forventet fuld effekt;0;2;99;0,00
2021-W24;12-15;F�rste revaccination;0;3;0;0,00
2021-W24;16-19;Uvaccinerede;3;0;155253;1,93
2021-W24;16-19;P�begyndt vaccination;0;1;119720;0,00
2021-W24;16-19;Forventet fuld effekt;0;2;4628;0,00
2021-W24;16-19;F�rste revaccination;0;3;1;0,00
2021-W24;20-39;Uvaccinerede;27;0;1267253;2,13
2021-W24;20-39;P�begyndt vaccination;1;1;111659;0,90
2021-W24;20-39;Forventet fuld effekt;3;2;116619;2,57
2021-W24;20-39;F�rste revaccination;0;3;39;0,00
2021-W24;40-64;Uvaccinerede;24;0;505990;4,74
2021-W24;40-64;P�begyndt vaccination;8;1;1135441;0,70
2021-W24;40-64;Forventet fuld effekt;4;2;265698;1,51
2021-W24;40-64;F�rste revaccination;0;3;94;0,00
2021-W24;65-79;Uvaccinerede;3;0;39049;7,68
2021-W24;65-79;P�begyndt vaccination;1;1;181260;0,55
2021-W24;65-79;Forventet fuld effekt;2;2;667036;0,30
2021-W24;65-79;F�rste revaccination;1;3;40;2500,00
2021-W24;80+;Uvaccinerede;2;0;10776;18,56
2021-W24;80+;P�begyndt vaccination;2;1;4858;41,17
2021-W24;80+;Forventet fuld effekt;4;2;243984;1,64
2021-W24;80+;F�rste revaccination;0;3;21;0,00
2021-W25;5-11;Uvaccinerede;1;0;436544;0,23
2021-W25;5-11;P�begyndt vaccination;0;1;13;0,00
2021-W25;5-11;Forventet fuld effekt;0;2;1;0,00
2021-W25;5-11;F�rste revaccination;0;3;0;0,00
2021-W25;12-15;Uvaccinerede;1;0;298635;0,33
2021-W25;12-15;P�begyndt vaccination;0;1;252;0,00
2021-W25;12-15;Forventet fuld effekt;0;2;137;0,00
2021-W25;12-15;F�rste revaccination;0;3;0;0,00
2021-W25;20-39;Uvaccinerede;19;0;1183119;1,61
2021-W25;20-39;P�begyndt vaccination;2;1;177701;1,13
2021-W25;20-39;Forventet fuld effekt;1;2;134709;0,74
2021-W25;20-39;F�rste revaccination;0;3;42;0,00
2021-W25;40-64;Uvaccinerede;11;0;370419;2,97
2021-W25;40-64;P�begyndt vaccination;9;1;1226188;0,73
2021-W25;40-64;Forventet fuld effekt;1;2;310513;0,32
2021-W25;40-64;F�rste revaccination;1;3;104;964,19
2021-W25;65-79;Uvaccinerede;3;0;37436;8,01
2021-W25;65-79;P�begyndt vaccination;1;1;119458;0,84
2021-W25;65-79;Forventet fuld effekt;4;2;730448;0,55
2021-W25;65-79;F�rste revaccination;0;3;43;0,00
2021-W25;80+;Uvaccinerede;0;0;10542;0,00
2021-W25;80+;P�begyndt vaccination;0;1;4129;0,00
2021-W25;80+;Forventet fuld effekt;1;2;244946;0,41
2021-W25;80+;F�rste revaccination;0;3;21;0,00
2021-W26;12-15;Uvaccinerede;1;0;295283;0,34
2021-W26;12-15;P�begyndt vaccination;0;1;3583;0,00
2021-W26;12-15;Forventet fuld effekt;0;2;158;0,00
2021-W26;12-15;F�rste revaccination;0;3;0;0,00
2021-W26;16-19;Uvaccinerede;2;0;86668;2,31
2021-W26;16-19;P�begyndt vaccination;0;1;187680;0,00
2021-W26;16-19;Forventet fuld effekt;1;2;5253;19,04
2021-W26;16-19;F�rste revaccination;0;3;3;0,00
2021-W26;20-39;Uvaccinerede;20;0;1092705;1,83
2021-W26;20-39;P�begyndt vaccination;1;1;250960;0,40
2021-W26;20-39;Forventet fuld effekt;0;2;151865;0,00
2021-W26;20-39;F�rste revaccination;0;3;42;0,00
2021-W26;40-64;Uvaccinerede;3;0;295180;1,02
2021-W26;40-64;P�begyndt vaccination;5;1;1238239;0,40
2021-W26;40-64;Forventet fuld effekt;1;2;373692;0,27
2021-W26;40-64;F�rste revaccination;0;3;112;0,00
2021-W26;65-79;Uvaccinerede;1;0;36428;2,75
2021-W26;65-79;P�begyndt vaccination;0;1;64848;0,00
2021-W26;65-79;Forventet fuld effekt;2;2;786064;0,25
2021-W26;65-79;F�rste revaccination;0;3;45;0,00
2021-W26;80+;Uvaccinerede;0;0;10381;0,00
2021-W26;80+;P�begyndt vaccination;1;1;3581;27,92
2021-W26;80+;Forventet fuld effekt;4;2;245654;1,63
2021-W26;80+;F�rste revaccination;0;3;21;0,00
2021-W27;5-11;Uvaccinerede;1;0;436543;0,23
2021-W27;5-11;P�begyndt vaccination;0;1;12;0,00
2021-W27;5-11;Forventet fuld effekt;0;2;3;0,00
2021-W27;5-11;F�rste revaccination;0;3;0;0,00
2021-W27;12-15;Uvaccinerede;1;0;288654;0,35
2021-W27;12-15;P�begyndt vaccination;0;1;10196;0,00
2021-W27;12-15;Forventet fuld effekt;0;2;174;0,00
2021-W27;12-15;F�rste revaccination;0;3;0;0,00
2021-W27;16-19;Uvaccinerede;1;0;72552;1,38
2021-W27;16-19;P�begyndt vaccination;1;1;201544;0,50
2021-W27;16-19;Forventet fuld effekt;0;2;5504;0,00
2021-W27;16-19;F�rste revaccination;0;3;3;0,00
2021-W27;20-39;Uvaccinerede;27;0;956225;2,82
2021-W27;20-39;P�begyndt vaccination;6;1;379311;1,58
2021-W27;20-39;Forventet fuld effekt;0;2;159992;0,00
2021-W27;20-39;F�rste revaccination;0;3;44;0,00
2021-W27;40-64;Uvaccinerede;8;0;250746;3,19
2021-W27;40-64;P�begyndt vaccination;7;1;1147141;0,61
2021-W27;40-64;Forventet fuld effekt;2;2;509213;0,39
2021-W27;40-64;F�rste revaccination;0;3;123;0,00
2021-W27;65-79;Uvaccinerede;2;0;35386;5,65
2021-W27;65-79;P�begyndt vaccination;0;1;32958;0,00
2021-W27;65-79;Forventet fuld effekt;8;2;818991;0,98
2021-W27;65-79;F�rste revaccination;0;3;50;0,00
2021-W27;80+;Uvaccinerede;2;0;10231;19,55
2021-W27;80+;P�begyndt vaccination;0;1;3088;0,00
2021-W27;80+;Forventet fuld effekt;0;2;246296;0,00
2021-W27;80+;F�rste revaccination;0;3;23;0,00
2021-W28;5-11;Uvaccinerede;3;0;436542;0,69
2021-W28;5-11;P�begyndt vaccination;0;1;12;0,00
2021-W28;5-11;Forventet fuld effekt;0;2;4;0,00
2021-W28;5-11;F�rste revaccination;0;3;0;0,00
2021-W28;16-19;Uvaccinerede;1;0;64506;1,55
2021-W28;16-19;P�begyndt vaccination;0;1;208277;0,00
2021-W28;16-19;Forventet fuld effekt;0;2;6817;0,00
2021-W28;16-19;F�rste revaccination;0;3;3;0,00
2021-W28;20-39;Uvaccinerede;43;0;731809;5,88
2021-W28;20-39;P�begyndt vaccination;9;1;598348;1,50
2021-W28;20-39;Forventet fuld effekt;4;2;165368;2,42
2021-W28;20-39;F�rste revaccination;0;3;46;0,00
2021-W28;40-64;Uvaccinerede;18;0;225709;7,97
2021-W28;40-64;P�begyndt vaccination;6;1;955856;0,63
2021-W28;40-64;Forventet fuld effekt;3;2;725527;0,41
2021-W28;40-64;F�rste revaccination;0;3;132;0,00
2021-W28;65-79;Uvaccinerede;1;0;34421;2,91
2021-W28;65-79;P�begyndt vaccination;2;1;20103;9,95
2021-W28;65-79;Forventet fuld effekt;7;2;832805;0,84
2021-W28;65-79;F�rste revaccination;1;3;56;1781,17
2021-W28;80+;Uvaccinerede;0;0;10094;0,00
2021-W28;80+;P�begyndt vaccination;0;1;2636;0,00
2021-W28;80+;Forventet fuld effekt;4;2;246884;1,62
2021-W28;80+;F�rste revaccination;0;3;24;0,00
2021-W29;12-15;Uvaccinerede;1;0;250002;0,40
2021-W29;12-15;P�begyndt vaccination;0;1;48822;0,00
2021-W29;12-15;Forventet fuld effekt;0;2;199;0,00
2021-W29;12-15;F�rste revaccination;0;3;0;0,00
2021-W29;16-19;Uvaccinerede;3;0;59426;5,05
2021-W29;16-19;P�begyndt vaccination;0;1;203741;0,00
2021-W29;16-19;Forventet fuld effekt;1;2;16432;6,09
2021-W29;16-19;F�rste revaccination;0;3;3;0,00
2021-W29;20-39;Uvaccinerede;42;0;576725;7,28
2021-W29;20-39;P�begyndt vaccination;10;1;748805;1,34
2021-W29;20-39;Forventet fuld effekt;1;2;169990;0,59
2021-W29;20-39;F�rste revaccination;0;3;52;0,00
2021-W29;40-64;Uvaccinerede;19;0;211760;8,97
2021-W29;40-64;P�begyndt vaccination;6;1;731594;0,82
2021-W29;40-64;Forventet fuld effekt;0;2;963721;0,00
2021-W29;40-64;F�rste revaccination;0;3;148;0,00
2021-W29;65-79;Uvaccinerede;3;0;33709;8,90
2021-W29;65-79;P�begyndt vaccination;0;1;13106;0,00
2021-W29;65-79;Forventet fuld effekt;4;2;840512;0,48
2021-W29;65-79;F�rste revaccination;0;3;58;0,00
2021-W29;80+;Uvaccinerede;2;0;9958;20,08
2021-W29;80+;P�begyndt vaccination;0;1;2246;0,00
2021-W29;80+;Forventet fuld effekt;9;2;247408;3,64
2021-W29;80+;F�rste revaccination;0;3;26;0,00
2021-W30;5-11;Uvaccinerede;2;0;436542;0,46
2021-W30;5-11;P�begyndt vaccination;0;1;11;0,00
2021-W30;5-11;Forventet fuld effekt;0;2;5;0,00
2021-W30;5-11;F�rste revaccination;0;3;0;0,00
2021-W30;12-15;Uvaccinerede;0;0;209725;0,00
2021-W30;12-15;P�begyndt vaccination;1;1;89080;1,12
2021-W30;12-15;Forventet fuld effekt;0;2;219;0,00
2021-W30;12-15;F�rste revaccination;0;3;0;0,00
2021-W30;16-19;Uvaccinerede;1;0;55355;1,81
2021-W30;16-19;P�begyndt vaccination;0;1;168687;0,00
2021-W30;16-19;Forventet fuld effekt;0;2;55558;0,00
2021-W30;16-19;F�rste revaccination;0;3;4;0,00
2021-W30;20-39;Uvaccinerede;36;0;483546;7,45
2021-W30;20-39;P�begyndt vaccination;9;1;825030;1,09
2021-W30;20-39;Forventet fuld effekt;2;2;186936;1,07
2021-W30;20-39;F�rste revaccination;0;3;59;0,00
2021-W30;40-64;Uvaccinerede;22;0;200884;10,95
2021-W30;40-64;P�begyndt vaccination;13;1;525182;2,48
2021-W30;40-64;Forventet fuld effekt;8;2;1180993;0,68
2021-W30;40-64;F�rste revaccination;1;3;164;610,29
2021-W30;65-79;Uvaccinerede;4;0;33080;12,09
2021-W30;65-79;P�begyndt vaccination;0;1;9986;0,00
2021-W30;65-79;Forventet fuld effekt;8;2;844260;0,95
2021-W30;65-79;F�rste revaccination;0;3;59;0,00
2021-W30;80+;Uvaccinerede;0;0;9850;0,00
2021-W30;80+;P�begyndt vaccination;0;1;1967;0,00
2021-W30;80+;Forventet fuld effekt;5;2;247792;2,02
2021-W30;80+;F�rste revaccination;0;3;28;0,00
2021-W31;5-11;Uvaccinerede;1;0;436542;0,23
2021-W31;5-11;P�begyndt vaccination;0;1;10;0,00
2021-W31;5-11;Forventet fuld effekt;0;2;6;0,00
2021-W31;5-11;F�rste revaccination;0;3;0;0,00
2021-W31;12-15;Uvaccinerede;2;0;175177;1,14
2021-W31;12-15;P�begyndt vaccination;0;1;123300;0,00
2021-W31;12-15;Forventet fuld effekt;0;2;547;0,00
2021-W31;12-15;F�rste revaccination;0;3;0;0,00
2021-W31;16-19;Uvaccinerede;2;0;52451;3,81
2021-W31;16-19;P�begyndt vaccination;1;1;112029;0,89
2021-W31;16-19;Forventet fuld effekt;0;2;115119;0,00
2021-W31;16-19;F�rste revaccination;0;3;4;0,00
2021-W31;20-39;Uvaccinerede;37;0;435849;8,49
2021-W31;20-39;P�begyndt vaccination;7;1;815805;0,86
2021-W31;20-39;Forventet fuld effekt;1;2;243850;0,41
2021-W31;20-39;F�rste revaccination;0;3;67;0,00
2021-W31;40-64;Uvaccinerede;25;0;193700;12,91
2021-W31;40-64;P�begyndt vaccination;9;1;334294;2,69
2021-W31;40-64;Forventet fuld effekt;16;2;1379046;1,16
2021-W31;40-64;F�rste revaccination;0;3;182;0,00
2021-W31;65-79;Uvaccinerede;5;0;32606;15,33
2021-W31;65-79;P�begyndt vaccination;1;1;7992;12,51
2021-W31;65-79;Forventet fuld effekt;9;2;846727;1,06
2021-W31;65-79;F�rste revaccination;0;3;61;0,00
2021-W31;80+;Uvaccinerede;1;0;9759;10,25
2021-W31;80+;P�begyndt vaccination;0;1;1731;0,00
2021-W31;80+;Forventet fuld effekt;14;2;248119;5,64
2021-W31;80+;F�rste revaccination;0;3;29;0,00
2021-W32;5-11;Uvaccinerede;1;0;436541;0,23
2021-W32;5-11;P�begyndt vaccination;0;1;11;0,00
2021-W32;5-11;Forventet fuld effekt;0;2;6;0,00
2021-W32;5-11;F�rste revaccination;0;3;0;0,00
2021-W32;12-15;Uvaccinerede;4;0;149952;2,67
2021-W32;12-15;P�begyndt vaccination;1;1;147064;0,68
2021-W32;12-15;Forventet fuld effekt;0;2;2007;0,00
2021-W32;12-15;F�rste revaccination;0;3;1;0,00
2021-W32;16-19;Uvaccinerede;4;0;50023;8,00
2021-W32;16-19;P�begyndt vaccination;1;1;68989;1,45
2021-W32;16-19;Forventet fuld effekt;1;2;160587;0,62
2021-W32;16-19;F�rste revaccination;0;3;4;0,00
2021-W32;20-39;Uvaccinerede;57;0;409908;13,91
2021-W32;20-39;P�begyndt vaccination;16;1;752661;2,13
2021-W32;20-39;Forventet fuld effekt;1;2;332916;0,30
2021-W32;20-39;F�rste revaccination;0;3;86;0,00
2021-W32;40-64;Uvaccinerede;40;0;187807;21,30
2021-W32;40-64;P�begyndt vaccination;13;1;205959;6,31
2021-W32;40-64;Forventet fuld effekt;12;2;1513255;0,79
2021-W32;40-64;F�rste revaccination;0;3;202;0,00
2021-W32;65-79;Uvaccinerede;4;0;32203;12,42
2021-W32;65-79;P�begyndt vaccination;1;1;6626;15,09
2021-W32;65-79;Forventet fuld effekt;14;2;848492;1,65
2021-W32;65-79;F�rste revaccination;0;3;63;0,00
2021-W32;80+;Uvaccinerede;3;0;9687;30,97
2021-W32;80+;P�begyndt vaccination;0;1;1551;0,00
2021-W32;80+;Forventet fuld effekt;9;2;248370;3,62
2021-W32;80+;F�rste revaccination;0;3;30;0,00
2021-W33;5-11;Uvaccinerede;2;0;436540;0,46
2021-W33;5-11;P�begyndt vaccination;0;1;11;0,00
2021-W33;5-11;Forventet fuld effekt;0;2;7;0,00
2021-W33;5-11;F�rste revaccination;0;3;0;0,00
2021-W33;12-15;Uvaccinerede;2;0;135693;1,47
2021-W33;12-15;P�begyndt vaccination;0;1;155263;0,00
2021-W33;12-15;Forventet fuld effekt;0;2;8067;0,00
2021-W33;12-15;F�rste revaccination;0;3;1;0,00
2021-W33;16-19;Uvaccinerede;6;0;47634;12,60
2021-W33;16-19;P�begyndt vaccination;1;1;43339;2,31
2021-W33;16-19;Forventet fuld effekt;0;2;188625;0,00
2021-W33;16-19;F�rste revaccination;0;3;6;0,00
2021-W33;20-39;Uvaccinerede;74;0;389619;18,99
2021-W33;20-39;P�begyndt vaccination;5;1;643470;0,78
2021-W33;20-39;Forventet fuld effekt;6;2;462364;1,30
2021-W33;20-39;F�rste revaccination;1;3;118;847,46
2021-W33;40-64;Uvaccinerede;54;0;182684;29,56
2021-W33;40-64;P�begyndt vaccination;8;1;127559;6,27
2021-W33;40-64;Forventet fuld effekt;19;2;1596752;1,19
2021-W33;40-64;F�rste revaccination;0;3;227;0,00
2021-W33;65-79;Uvaccinerede;6;0;31798;18,87
2021-W33;65-79;P�begyndt vaccination;2;1;5787;34,56
2021-W33;65-79;Forventet fuld effekt;26;2;849733;3,06
2021-W33;65-79;F�rste revaccination;1;3;67;1498,93
2021-W33;80+;Uvaccinerede;3;0;9610;31,22
2021-W33;80+;P�begyndt vaccination;1;1;1451;68,93
2021-W33;80+;Forventet fuld effekt;12;2;248548;4,83
2021-W33;80+;F�rste revaccination;0;3;30;0,00
2021-W34;5-11;Uvaccinerede;3;0;436537;0,69
2021-W34;5-11;P�begyndt vaccination;0;1;14;0,00
2021-W34;5-11;Forventet fuld effekt;0;2;7;0,00
2021-W34;5-11;F�rste revaccination;0;3;0;0,00
2021-W34;12-15;Uvaccinerede;4;0;124296;3,22
2021-W34;12-15;P�begyndt vaccination;1;1;146849;0,68
2021-W34;12-15;Forventet fuld effekt;1;2;27878;3,59
2021-W34;12-15;F�rste revaccination;0;3;1;0,00
2021-W34;16-19;Uvaccinerede;6;0;45535;13,18
2021-W34;16-19;P�begyndt vaccination;0;1;29282;0,00
2021-W34;16-19;Forventet fuld effekt;1;2;204778;0,49
2021-W34;16-19;F�rste revaccination;0;3;8;0,00
2021-W34;20-39;Uvaccinerede;60;0;373235;16,08
2021-W34;20-39;P�begyndt vaccination;4;1;435371;0,92
2021-W34;20-39;Forventet fuld effekt;4;2;686805;0,58
2021-W34;20-39;F�rste revaccination;0;3;160;0,00
2021-W34;40-64;Uvaccinerede;40;0;178060;22,46
2021-W34;40-64;P�begyndt vaccination;7;1;78012;8,97
2021-W34;40-64;Forventet fuld effekt;12;2;1650900;0,73
2021-W34;40-64;F�rste revaccination;0;3;250;0,00
2021-W34;65-79;Uvaccinerede;13;0;31350;41,47
2021-W34;65-79;P�begyndt vaccination;0;1;4794;0,00
2021-W34;65-79;Forventet fuld effekt;31;2;851170;3,64
2021-W34;65-79;F�rste revaccination;0;3;71;0,00
2021-W34;80+;Uvaccinerede;7;0;9511;73,60
2021-W34;80+;P�begyndt vaccination;0;1;1324;0,00
2021-W34;80+;Forventet fuld effekt;18;2;248772;7,24
2021-W34;80+;F�rste revaccination;0;3;31;0,00
2021-W35;12-15;Uvaccinerede;4;0;116254;3,44
2021-W35;12-15;P�begyndt vaccination;0;1;116473;0,00
2021-W35;12-15;Forventet fuld effekt;0;2;66296;0,00
2021-W35;12-15;F�rste revaccination;0;3;1;0,00
2021-W35;16-19;Uvaccinerede;2;0;43871;4,56
2021-W35;16-19;P�begyndt vaccination;0;1;21116;0,00
2021-W35;16-19;Forventet fuld effekt;0;2;214607;0,00
2021-W35;16-19;F�rste revaccination;0;3;9;0,00
2021-W35;20-39;Uvaccinerede;53;0;361593;14,66
2021-W35;20-39;P�begyndt vaccination;6;1;258834;2,32
2021-W35;20-39;Forventet fuld effekt;3;2;874938;0,34
2021-W35;20-39;F�rste revaccination;0;3;206;0,00
2021-W35;40-64;Uvaccinerede;49;0;174547;28,07
2021-W35;40-64;P�begyndt vaccination;6;1;50823;11,81
2021-W35;40-64;Forventet fuld effekt;13;2;1681579;0,77
2021-W35;40-64;F�rste revaccination;0;3;274;0,00
2021-W35;65-79;Uvaccinerede;12;0;30941;38,78
2021-W35;65-79;P�begyndt vaccination;3;1;3932;76,29
2021-W35;65-79;Forventet fuld effekt;13;2;852429;1,53
2021-W35;65-79;F�rste revaccination;0;3;82;0,00
2021-W35;80+;Uvaccinerede;10;0;9421;106,15
2021-W35;80+;P�begyndt vaccination;3;1;1196;250,84
2021-W35;80+;Forventet fuld effekt;17;2;248990;6,83
2021-W35;80+;F�rste revaccination;0;3;32;0,00
2021-W36;5-11;Uvaccinerede;1;0;436534;0,23
2021-W36;5-11;P�begyndt vaccination;0;1;17;0,00
2021-W36;5-11;Forventet fuld effekt;0;2;7;0,00
2021-W36;5-11;F�rste revaccination;0;3;0;0,00
2021-W36;12-15;Uvaccinerede;1;0;111055;0,90
2021-W36;12-15;P�begyndt vaccination;0;1;84956;0,00
2021-W36;12-15;Forventet fuld effekt;0;2;103012;0,00
2021-W36;12-15;F�rste revaccination;0;3;1;0,00
2021-W36;20-39;Uvaccinerede;39;0;354080;11,01
2021-W36;20-39;P�begyndt vaccination;5;1;160765;3,11
2021-W36;20-39;Forventet fuld effekt;4;2;980494;0,41
2021-W36;20-39;F�rste revaccination;0;3;231;0,00
2021-W36;40-64;Uvaccinerede;37;0;172039;21,51
2021-W36;40-64;P�begyndt vaccination;4;1;38493;10,39
2021-W36;40-64;Forventet fuld effekt;20;2;1696381;1,18
2021-W36;40-64;F�rste revaccination;0;3;310;0,00
2021-W36;65-79;Uvaccinerede;6;0;30665;19,57
2021-W36;65-79;P�begyndt vaccination;2;1;3435;58,23
2021-W36;65-79;Forventet fuld effekt;20;2;853194;2,34
2021-W36;65-79;F�rste revaccination;0;3;92;0,00
2021-W36;80+;Uvaccinerede;3;0;9362;32,04
2021-W36;80+;P�begyndt vaccination;1;1;1093;91,53
2021-W36;80+;Forventet fuld effekt;19;2;249152;7,63
2021-W36;80+;F�rste revaccination;0;3;32;0,00
2021-W37;5-11;Uvaccinerede;2;0;436530;0,46
2021-W37;5-11;P�begyndt vaccination;0;1;21;0,00
2021-W37;5-11;Forventet fuld effekt;0;2;7;0,00
2021-W37;5-11;F�rste revaccination;0;3;0;0,00
2021-W37;16-19;Uvaccinerede;0;0;41947;0,00
2021-W37;16-19;P�begyndt vaccination;0;1;13261;0,00
2021-W37;16-19;Forventet fuld effekt;1;2;224383;0,45
2021-W37;16-19;F�rste revaccination;0;3;12;0,00
2021-W37;20-39;Uvaccinerede;16;0;348291;4,59
2021-W37;20-39;P�begyndt vaccination;4;1;108303;3,69
2021-W37;20-39;Forventet fuld effekt;3;2;1038691;0,29
2021-W37;20-39;F�rste revaccination;1;3;285;350,88
2021-W37;40-64;Uvaccinerede;27;0;169983;15,88
2021-W37;40-64;P�begyndt vaccination;2;1;30545;6,55
2021-W37;40-64;Forventet fuld effekt;14;2;1706352;0,82
2021-W37;40-64;F�rste revaccination;0;3;344;0,00
2021-W37;65-79;Uvaccinerede;2;0;30410;6,58
2021-W37;65-79;P�begyndt vaccination;0;1;3071;0,00
2021-W37;65-79;Forventet fuld effekt;14;2;853805;1,64
2021-W37;65-79;F�rste revaccination;0;3;99;0,00
2021-W37;80+;Uvaccinerede;0;0;9294;0,00
2021-W37;80+;P�begyndt vaccination;0;1;1048;0,00
2021-W37;80+;Forventet fuld effekt;22;2;249263;8,83
2021-W37;80+;F�rste revaccination;1;3;34;2966,10
2021-W38;5-11;Uvaccinerede;2;0;436526;0,46
2021-W38;5-11;P�begyndt vaccination;0;1;24;0,00
2021-W38;5-11;Forventet fuld effekt;0;2;8;0,00
2021-W38;5-11;F�rste revaccination;0;3;0;0,00
2021-W38;12-15;Uvaccinerede;0;0;104436;0,00
2021-W38;12-15;P�begyndt vaccination;0;1;40234;0,00
2021-W38;12-15;Forventet fuld effekt;1;2;154353;0,65
2021-W38;12-15;F�rste revaccination;0;3;1;0,00
2021-W38;16-19;Uvaccinerede;1;0;41382;2,42
2021-W38;16-19;P�begyndt vaccination;0;1;11109;0,00
2021-W38;16-19;Forventet fuld effekt;0;2;227096;0,00
2021-W38;16-19;F�rste revaccination;0;3;15;0,00
2021-W38;20-39;Uvaccinerede;14;0;343652;4,07
2021-W38;20-39;P�begyndt vaccination;2;1;85548;2,34
2021-W38;20-39;Forventet fuld effekt;6;2;1066006;0,56
2021-W38;20-39;F�rste revaccination;0;3;365;0,00
2021-W38;40-64;Uvaccinerede;15;0;168424;8,91
2021-W38;40-64;P�begyndt vaccination;0;1;25949;0,00
2021-W38;40-64;Forventet fuld effekt;11;2;1711966;0,64
2021-W38;40-64;F�rste revaccination;0;3;884;0,00
2021-W38;65-79;Uvaccinerede;8;0;30181;26,51
2021-W38;65-79;P�begyndt vaccination;1;1;2866;34,90
2021-W38;65-79;Forventet fuld effekt;19;2;853486;2,23
2021-W38;65-79;F�rste revaccination;1;3;852;117,35
2021-W38;80+;Uvaccinerede;2;0;9209;21,72
2021-W38;80+;P�begyndt vaccination;1;1;1044;95,82
2021-W38;80+;Forventet fuld effekt;24;2;248947;9,64
2021-W38;80+;F�rste revaccination;0;3;438;0,00
2021-W39;5-11;Uvaccinerede;1;0;436525;0,23
2021-W39;5-11;P�begyndt vaccination;0;1;24;0,00
2021-W39;5-11;Forventet fuld effekt;0;2;9;0,00
2021-W39;5-11;F�rste revaccination;0;3;0;0,00
2021-W39;12-15;Uvaccinerede;1;0;102240;0,98
2021-W39;12-15;P�begyndt vaccination;0;1;29099;0,00
2021-W39;12-15;Forventet fuld effekt;1;2;167685;0,60
2021-W39;12-15;F�rste revaccination;0;3;1;0,00
2021-W39;16-19;Uvaccinerede;1;0;40961;2,44
2021-W39;16-19;P�begyndt vaccination;1;1;9386;10,65
2021-W39;16-19;Forventet fuld effekt;1;2;229212;0,44
2021-W39;16-19;F�rste revaccination;0;3;44;0,00
2021-W39;20-39;Uvaccinerede;18;0;339963;5,29
2021-W39;20-39;P�begyndt vaccination;2;1;69828;2,86
2021-W39;20-39;Forventet fuld effekt;5;2;1084749;0,46
2021-W39;20-39;F�rste revaccination;1;3;1032;96,94
2021-W39;40-64;Uvaccinerede;21;0;167186;12,56
2021-W39;40-64;P�begyndt vaccination;0;1;22348;0,00
2021-W39;40-64;Forventet fuld effekt;11;2;1711268;0,64
2021-W39;40-64;F�rste revaccination;1;3;6422;15,57
2021-W39;65-79;Uvaccinerede;6;0;29984;20,01
2021-W39;65-79;P�begyndt vaccination;0;1;2631;0,00
2021-W39;65-79;Forventet fuld effekt;25;2;844210;2,96
2021-W39;65-79;F�rste revaccination;1;3;10560;9,47
2021-W39;80+;Uvaccinerede;1;0;9141;10,94
2021-W39;80+;P�begyndt vaccination;1;1;966;103,50
2021-W39;80+;Forventet fuld effekt;12;2;242084;4,96
2021-W39;80+;F�rste revaccination;0;3;7447;0,00
2021-W40;12-15;Uvaccinerede;2;0;100275;1,99
2021-W40;12-15;P�begyndt vaccination;0;1;21859;0,00
2021-W40;12-15;Forventet fuld effekt;0;2;176889;0,00
2021-W40;12-15;F�rste revaccination;0;3;1;0,00
2021-W40;16-19;Uvaccinerede;2;0;40580;4,93
2021-W40;16-19;P�begyndt vaccination;0;1;8045;0,00
2021-W40;16-19;Forventet fuld effekt;2;2;230898;0,87
2021-W40;16-19;F�rste revaccination;0;3;79;0,00
2021-W40;20-39;Uvaccinerede;28;0;336954;8,31
2021-W40;20-39;P�begyndt vaccination;2;1;57973;3,45
2021-W40;20-39;Forventet fuld effekt;6;2;1098834;0,55
2021-W40;20-39;F�rste revaccination;0;3;1811;0,00
2021-W40;40-64;Uvaccinerede;23;0;166144;13,84
2021-W40;40-64;P�begyndt vaccination;1;1;19483;5,13
2021-W40;40-64;Forventet fuld effekt;12;2;1710236;0,70
2021-W40;40-64;F�rste revaccination;1;3;11360;8,80
2021-W40;65-79;Uvaccinerede;5;0;29850;16,75
2021-W40;65-79;P�begyndt vaccination;1;1;2336;42,80
2021-W40;65-79;Forventet fuld effekt;25;2;834814;2,99
2021-W40;65-79;F�rste revaccination;0;3;20385;0,00
2021-W40;80+;Uvaccinerede;1;0;9106;10,98
2021-W40;80+;P�begyndt vaccination;0;1;869;0,00
2021-W40;80+;Forventet fuld effekt;21;2;231353;9,08
2021-W40;80+;F�rste revaccination;2;3;18310;10,92
2021-W41;5-11;Uvaccinerede;1;0;436525;0,23
2021-W41;5-11;P�begyndt vaccination;0;1;21;0,00
2021-W41;5-11;Forventet fuld effekt;0;2;13;0,00
2021-W41;5-11;F�rste revaccination;0;3;0;0,00
2021-W41;16-19;Uvaccinerede;1;0;40255;2,48
2021-W41;16-19;P�begyndt vaccination;1;1;7153;13,98
2021-W41;16-19;Forventet fuld effekt;1;2;232068;0,43
2021-W41;16-19;F�rste revaccination;0;3;127;0,00
2021-W41;20-39;Uvaccinerede;25;0;333990;7,49
2021-W41;20-39;P�begyndt vaccination;2;1;50490;3,96
2021-W41;20-39;Forventet fuld effekt;8;2;1107996;0,72
2021-W41;20-39;F�rste revaccination;2;3;3095;64,62
2021-W41;40-64;Uvaccinerede;35;0;165123;21,20
2021-W41;40-64;P�begyndt vaccination;1;1;17578;5,69
2021-W41;40-64;Forventet fuld effekt;21;2;1709146;1,23
2021-W41;40-64;F�rste revaccination;5;3;15376;32,52
2021-W41;65-79;Uvaccinerede;7;0;29737;23,54
2021-W41;65-79;P�begyndt vaccination;1;1;2119;47,20
2021-W41;65-79;Forventet fuld effekt;35;2;828994;4,22
2021-W41;65-79;F�rste revaccination;3;3;26535;11,31
2021-W41;80+;Uvaccinerede;10;0;9086;110,06
2021-W41;80+;P�begyndt vaccination;1;1;787;127,06
2021-W41;80+;Forventet fuld effekt;24;2;224576;10,69
2021-W41;80+;F�rste revaccination;2;3;25189;7,94
2021-W42;5-11;Uvaccinerede;3;0;436524;0,69
2021-W42;5-11;P�begyndt vaccination;0;1;19;0,00
2021-W42;5-11;Forventet fuld effekt;0;2;15;0,00
2021-W42;5-11;F�rste revaccination;0;3;0;0,00
2021-W42;12-15;Uvaccinerede;1;0;96679;1,03
2021-W42;12-15;P�begyndt vaccination;0;1;15321;0,00
2021-W42;12-15;Forventet fuld effekt;1;2;187022;0,53
2021-W42;12-15;F�rste revaccination;0;3;2;0,00
2021-W42;16-19;Uvaccinerede;3;0;39965;7,51
2021-W42;16-19;P�begyndt vaccination;0;1;6541;0,00
2021-W42;16-19;Forventet fuld effekt;1;2;232902;0,43
2021-W42;16-19;F�rste revaccination;0;3;194;0,00
2021-W42;20-39;Uvaccinerede;37;0;330957;11,18
2021-W42;20-39;P�begyndt vaccination;3;1;46835;6,41
2021-W42;20-39;Forventet fuld effekt;7;2;1108989;0,63
2021-W42;20-39;F�rste revaccination;0;3;8790;0,00
2021-W42;40-64;Uvaccinerede;37;0;164147;22,54
2021-W42;40-64;P�begyndt vaccination;1;1;16468;6,07
2021-W42;40-64;Forventet fuld effekt;25;2;1706338;1,47
2021-W42;40-64;F�rste revaccination;1;3;20269;4,93
2021-W42;65-79;Uvaccinerede;7;0;29627;23,63
2021-W42;65-79;P�begyndt vaccination;0;1;2005;0,00
2021-W42;65-79;Forventet fuld effekt;56;2;826800;6,77
2021-W42;65-79;F�rste revaccination;6;3;28952;20,72
2021-W42;80+;Uvaccinerede;4;0;9066;44,12
2021-W42;80+;P�begyndt vaccination;2;1;758;263,75
2021-W42;80+;Forventet fuld effekt;61;2;213295;28,60
2021-W42;80+;F�rste revaccination;1;3;36519;2,74
2021-W43;5-11;Uvaccinerede;2;0;436522;0,46
2021-W43;5-11;P�begyndt vaccination;0;1;18;0,00
2021-W43;5-11;Forventet fuld effekt;0;2;18;0,00
2021-W43;5-11;F�rste revaccination;0;3;0;0,00
2021-W43;12-15;Uvaccinerede;2;0;94299;2,12
2021-W43;12-15;P�begyndt vaccination;0;1;14536;0,00
2021-W43;12-15;Forventet fuld effekt;1;2;190186;0,53
2021-W43;12-15;F�rste revaccination;0;3;3;0,00
2021-W43;16-19;Uvaccinerede;1;0;39610;2,52
2021-W43;16-19;P�begyndt vaccination;0;1;6215;0,00
2021-W43;16-19;Forventet fuld effekt;4;2;233447;1,71
2021-W43;16-19;F�rste revaccination;0;3;332;0,00
2021-W43;20-39;Uvaccinerede;46;0;327192;14,06
2021-W43;20-39;P�begyndt vaccination;1;1;44895;2,23
2021-W43;20-39;Forventet fuld effekt;15;2;1108097;1,35
2021-W43;20-39;F�rste revaccination;1;3;15386;6,50
2021-W43;40-64;Uvaccinerede;46;0;162855;28,25
2021-W43;40-64;P�begyndt vaccination;2;1;15899;12,58
2021-W43;40-64;Forventet fuld effekt;36;2;1699890;2,12
2021-W43;40-64;F�rste revaccination;7;3;28579;24,49
2021-W43;65-79;Uvaccinerede;14;0;29470;47,51
2021-W43;65-79;P�begyndt vaccination;0;1;1941;0,00
2021-W43;65-79;Forventet fuld effekt;76;2;825286;9,21
2021-W43;65-79;F�rste revaccination;8;3;30688;26,07
2021-W43;80+;Uvaccinerede;9;0;9037;99,60
2021-W43;80+;P�begyndt vaccination;1;1;739;135,34
2021-W43;80+;Forventet fuld effekt;49;2;196833;24,89
2021-W43;80+;F�rste revaccination;4;3;53030;7,54
2021-W44;5-11;Uvaccinerede;7;0;436521;1,60
2021-W44;5-11;P�begyndt vaccination;0;1;18;0,00
2021-W44;5-11;Forventet fuld effekt;0;2;19;0,00
2021-W44;5-11;F�rste revaccination;0;3;0;0,00
2021-W44;12-15;Uvaccinerede;2;0;91038;2,20
2021-W44;12-15;P�begyndt vaccination;1;1;15407;6,49
2021-W44;12-15;Forventet fuld effekt;0;2;192574;0,00
2021-W44;12-15;F�rste revaccination;0;3;6;0,00
2021-W44;16-19;Uvaccinerede;0;0;39119;0,00
2021-W44;16-19;P�begyndt vaccination;0;1;6235;0,00
2021-W44;16-19;Forventet fuld effekt;1;2;233650;0,43
2021-W44;16-19;F�rste revaccination;0;3;599;0,00
2021-W44;20-39;Uvaccinerede;69;0;322199;21,42
2021-W44;20-39;P�begyndt vaccination;5;1;45194;11,06
2021-W44;20-39;Forventet fuld effekt;14;2;1101720;1,27
2021-W44;20-39;F�rste revaccination;1;3;26457;3,78
2021-W44;40-64;Uvaccinerede;56;0;161143;34,75
2021-W44;40-64;P�begyndt vaccination;5;1;16166;30,93
2021-W44;40-64;Forventet fuld effekt;55;2;1674569;3,28
2021-W44;40-64;F�rste revaccination;6;3;55344;10,84
2021-W44;65-79;Uvaccinerede;20;0;29274;68,32
2021-W44;65-79;P�begyndt vaccination;1;1;1978;50,55
2021-W44;65-79;Forventet fuld effekt;88;2;811434;10,85
2021-W44;65-79;F�rste revaccination;8;3;44699;17,90
2021-W44;80+;Uvaccinerede;12;0;8999;133,34
2021-W44;80+;P�begyndt vaccination;1;1;730;136,96
2021-W44;80+;Forventet fuld effekt;63;2;180197;34,96
2021-W44;80+;F�rste revaccination;6;3;69712;8,61
2021-W45;5-11;Uvaccinerede;7;0;436516;1,60
2021-W45;5-11;P�begyndt vaccination;0;1;23;0,00
2021-W45;5-11;Forventet fuld effekt;0;2;19;0,00
2021-W45;5-11;F�rste revaccination;0;3;0;0,00
2021-W45;12-15;Uvaccinerede;3;0;86078;3,49
2021-W45;12-15;P�begyndt vaccination;1;1;17868;5,60
2021-W45;12-15;Forventet fuld effekt;1;2;195066;0,51
2021-W45;12-15;F�rste revaccination;0;3;12;0,00
2021-W45;16-19;Uvaccinerede;2;0;38172;5,24
2021-W45;16-19;P�begyndt vaccination;0;1;6710;0,00
2021-W45;16-19;Forventet fuld effekt;4;2;233822;1,71
2021-W45;16-19;F�rste revaccination;0;3;899;0,00
2021-W45;20-39;Uvaccinerede;54;0;313096;17,25
2021-W45;20-39;P�begyndt vaccination;2;1;50025;4,00
2021-W45;20-39;Forventet fuld effekt;14;2;1093663;1,28
2021-W45;20-39;F�rste revaccination;2;3;38787;5,16
2021-W45;40-64;Uvaccinerede;52;0;157867;32,94
2021-W45;40-64;P�begyndt vaccination;8;1;18015;44,41
2021-W45;40-64;Forventet fuld effekt;57;2;1642691;3,47
2021-W45;40-64;F�rste revaccination;6;3;88650;6,77
2021-W45;65-79;Uvaccinerede;19;0;28944;65,64
2021-W45;65-79;P�begyndt vaccination;3;1;2152;139,41
2021-W45;65-79;Forventet fuld effekt;120;2;792160;15,15
2021-W45;65-79;F�rste revaccination;12;3;64128;18,71
2021-W45;80+;Uvaccinerede;8;0;8928;89,61
2021-W45;80+;P�begyndt vaccination;3;1;756;396,75
2021-W45;80+;Forventet fuld effekt;92;2;163551;56,25
2021-W45;80+;F�rste revaccination;5;3;86403;5,79
2021-W46;5-11;Uvaccinerede;16;0;436501;3,67
2021-W46;5-11;P�begyndt vaccination;1;1;38;2661,60
2021-W46;5-11;Forventet fuld effekt;0;2;19;0,00
2021-W46;5-11;F�rste revaccination;0;3;0;0,00
2021-W46;12-15;Uvaccinerede;2;0;79683;2,51
2021-W46;12-15;P�begyndt vaccination;0;1;22144;0,00
2021-W46;12-15;Forventet fuld effekt;2;2;197174;1,01
2021-W46;12-15;F�rste revaccination;0;3;22;0,00
2021-W46;16-19;Uvaccinerede;4;0;36486;10,96
2021-W46;16-19;P�begyndt vaccination;0;1;7916;0,00
2021-W46;16-19;Forventet fuld effekt;1;2;233954;0,43
2021-W46;16-19;F�rste revaccination;0;3;1247;0,00
2021-W46;20-39;Uvaccinerede;72;0;299355;24,05
2021-W46;20-39;P�begyndt vaccination;2;1;59667;3,35
2021-W46;20-39;Forventet fuld effekt;24;2;1086169;2,21
2021-W46;20-39;F�rste revaccination;3;3;50380;5,95
2021-W46;40-64;Uvaccinerede;73;0;152834;47,76
2021-W46;40-64;P�begyndt vaccination;4;1;21651;18,47
2021-W46;40-64;Forventet fuld effekt;68;2;1615604;4,21
2021-W46;40-64;F�rste revaccination;10;3;117134;8,54
2021-W46;65-79;Uvaccinerede;20;0;28506;70,16
2021-W46;65-79;P�begyndt vaccination;2;1;2440;81,95
2021-W46;65-79;Forventet fuld effekt;116;2;773832;14,99
2021-W46;65-79;F�rste revaccination;13;3;82607;15,74
2021-W46;80+;Uvaccinerede;15;0;8827;169,93
2021-W46;80+;P�begyndt vaccination;0;1;813;0,00
2021-W46;80+;Forventet fuld effekt;84;2;145655;57,67
2021-W46;80+;F�rste revaccination;12;3;104343;11,50
2021-W47;5-11;Uvaccinerede;11;0;436485;2,52
2021-W47;5-11;P�begyndt vaccination;0;1;54;0,00
2021-W47;5-11;Forventet fuld effekt;0;2;19;0,00
2021-W47;5-11;F�rste revaccination;0;3;0;0,00
2021-W47;12-15;Uvaccinerede;2;0;74962;2,67
2021-W47;12-15;P�begyndt vaccination;0;1;24931;0,00
2021-W47;12-15;Forventet fuld effekt;1;2;199090;0,50
2021-W47;12-15;F�rste revaccination;0;3;42;0,00
2021-W47;16-19;Uvaccinerede;1;0;35119;2,85
2021-W47;16-19;P�begyndt vaccination;0;1;8692;0,00
2021-W47;16-19;Forventet fuld effekt;4;2;234213;1,71
2021-W47;16-19;F�rste revaccination;1;3;1580;63,31
2021-W47;20-39;Uvaccinerede;73;0;289264;25,24
2021-W47;20-39;P�begyndt vaccination;5;1;64912;7,70
2021-W47;20-39;Forventet fuld effekt;37;2;1078937;3,43
2021-W47;20-39;F�rste revaccination;4;3;62458;6,40
2021-W47;40-64;Uvaccinerede;78;0;149346;52,23
2021-W47;40-64;P�begyndt vaccination;7;1;23572;29,70
2021-W47;40-64;Forventet fuld effekt;75;2;1591476;4,71
2021-W47;40-64;F�rste revaccination;13;3;142829;9,10
2021-W47;65-79;Uvaccinerede;29;0;28169;102,95
2021-W47;65-79;P�begyndt vaccination;2;1;2621;76,32
2021-W47;65-79;Forventet fuld effekt;115;2;754350;15,24
2021-W47;65-79;F�rste revaccination;10;3;102245;9,78
2021-W47;80+;Uvaccinerede;15;0;8744;171,55
2021-W47;80+;P�begyndt vaccination;1;1;852;117,33
2021-W47;80+;Forventet fuld effekt;70;2;121935;57,41
2021-W47;80+;F�rste revaccination;10;3;128107;7,81
2021-W48;5-11;Uvaccinerede;11;0;429557;2,56
2021-W48;5-11;P�begyndt vaccination;0;1;6980;0,00
2021-W48;5-11;Forventet fuld effekt;0;2;20;0,00
2021-W48;5-11;F�rste revaccination;0;3;1;0,00
2021-W48;12-15;Uvaccinerede;5;0;70973;7,04
2021-W48;12-15;P�begyndt vaccination;1;1;26454;3,78
2021-W48;12-15;Forventet fuld effekt;2;2;201537;0,99
2021-W48;12-15;F�rste revaccination;0;3;59;0,00
2021-W48;16-19;Uvaccinerede;5;0;33482;14,93
2021-W48;16-19;P�begyndt vaccination;1;1;9642;10,37
2021-W48;16-19;Forventet fuld effekt;3;2;234554;1,28
2021-W48;16-19;F�rste revaccination;0;3;1925;0,00
2021-W48;20-39;Uvaccinerede;83;0;279629;29,68
2021-W48;20-39;P�begyndt vaccination;10;1;68858;14,52
2021-W48;20-39;Forventet fuld effekt;24;2;1073261;2,24
2021-W48;20-39;F�rste revaccination;6;3;73823;8,13
2021-W48;40-64;Uvaccinerede;74;0;146065;50,66
2021-W48;40-64;P�begyndt vaccination;6;1;24978;24,02
2021-W48;40-64;Forventet fuld effekt;87;2;1570740;5,54
2021-W48;40-64;F�rste revaccination;16;3;165439;9,67
2021-W48;65-79;Uvaccinerede;26;0;27840;93,39
2021-W48;65-79;P�begyndt vaccination;3;1;2781;107,86
2021-W48;65-79;Forventet fuld effekt;137;2;710234;19,29
2021-W48;65-79;F�rste revaccination;28;3;146529;19,11
2021-W48;80+;Uvaccinerede;12;0;8666;138,47
2021-W48;80+;P�begyndt vaccination;0;1;881;0,00
2021-W48;80+;Forventet fuld effekt;85;2;94770;89,69
2021-W48;80+;F�rste revaccination;17;3;155321;10,95
2021-W49;5-11;Uvaccinerede;23;0;392707;5,86
2021-W49;5-11;P�begyndt vaccination;1;1;43830;2,28
2021-W49;5-11;Forventet fuld effekt;0;2;20;0,00
2021-W49;5-11;F�rste revaccination;0;3;1;0,00
2021-W49;12-15;Uvaccinerede;2;0;67110;2,98
2021-W49;12-15;P�begyndt vaccination;1;1;27343;3,66
2021-W49;12-15;Forventet fuld effekt;0;2;204499;0,00
2021-W49;12-15;F�rste revaccination;0;3;73;0,00
2021-W49;16-19;Uvaccinerede;2;0;31990;6,25
2021-W49;16-19;P�begyndt vaccination;0;1;10468;0,00
2021-W49;16-19;Forventet fuld effekt;3;2;234902;1,28
2021-W49;16-19;F�rste revaccination;0;3;2243;0,00
2021-W49;20-39;Uvaccinerede;89;0;270599;32,89
2021-W49;20-39;P�begyndt vaccination;7;1;72193;9,70
2021-W49;20-39;Forventet fuld effekt;51;2;1069335;4,77
2021-W49;20-39;F�rste revaccination;9;3;83445;10,79
2021-W49;40-64;Uvaccinerede;79;0;142891;55,29
2021-W49;40-64;P�begyndt vaccination;7;1;26209;26,71
2021-W49;40-64;Forventet fuld effekt;128;2;1552883;8,24
2021-W49;40-64;F�rste revaccination;15;3;185239;8,10
2021-W49;65-79;Uvaccinerede;25;0;27495;90,93
2021-W49;65-79;P�begyndt vaccination;2;1;2944;67,92
2021-W49;65-79;Forventet fuld effekt;120;2;594657;20,18
2021-W49;65-79;F�rste revaccination;26;3;262288;9,91
2021-W49;80+;Uvaccinerede;17;0;8571;198,34
2021-W49;80+;P�begyndt vaccination;2;1;927;215,78
2021-W49;80+;Forventet fuld effekt;66;2;71651;92,11
2021-W49;80+;F�rste revaccination;34;3;178489;19,05
2021-W50;5-11;Uvaccinerede;19;0;329828;5,76
2021-W50;5-11;P�begyndt vaccination;4;1;106704;3,75
2021-W50;5-11;Forventet fuld effekt;0;2;25;0,00
2021-W50;5-11;F�rste revaccination;0;3;1;0,00
2021-W50;12-15;Uvaccinerede;6;0;63012;9,52
2021-W50;12-15;P�begyndt vaccination;3;1;26976;11,12
2021-W50;12-15;Forventet fuld effekt;8;2;208947;3,83
2021-W50;12-15;F�rste revaccination;0;3;89;0,00
2021-W50;16-19;Uvaccinerede;5;0;30985;16,14
2021-W50;16-19;P�begyndt vaccination;0;1;10351;0,00
2021-W50;16-19;Forventet fuld effekt;13;2;235661;5,52
2021-W50;16-19;F�rste revaccination;0;3;2605;0,00
2021-W50;20-39;Uvaccinerede;99;0;263629;37,55
2021-W50;20-39;P�begyndt vaccination;11;1;70996;15,49
2021-W50;20-39;Forventet fuld effekt;74;2;1067402;6,93
2021-W50;20-39;F�rste revaccination;9;3;93543;9,62
2021-W50;40-64;Uvaccinerede;96;0;140251;68,45
2021-W50;40-64;P�begyndt vaccination;6;1;25792;23,26
2021-W50;40-64;Forventet fuld effekt;120;2;1535221;7,82
2021-W50;40-64;F�rste revaccination;20;3;205959;9,71
2021-W50;65-79;Uvaccinerede;28;0;27021;103,62
2021-W50;65-79;P�begyndt vaccination;1;1;3134;31,91
2021-W50;65-79;Forventet fuld effekt;107;2;453974;23,57
2021-W50;65-79;F�rste revaccination;43;3;403256;10,66
2021-W50;80+;Uvaccinerede;11;0;8411;130,79
2021-W50;80+;P�begyndt vaccination;5;1;1018;491,37
2021-W50;80+;Forventet fuld effekt;42;2;52619;79,82
2021-W50;80+;F�rste revaccination;45;3;197590;22,77
2021-W51;5-11;Uvaccinerede;10;0;276008;3,62
2021-W51;5-11;P�begyndt vaccination;2;1;160511;1,25
2021-W51;5-11;Forventet fuld effekt;0;2;38;0,00
2021-W51;5-11;F�rste revaccination;0;3;1;0,00
2021-W51;12-15;Uvaccinerede;3;0;59051;5,08
2021-W51;12-15;P�begyndt vaccination;0;1;25227;0,00
2021-W51;12-15;Forventet fuld effekt;2;2;214640;0,93
2021-W51;12-15;F�rste revaccination;0;3;106;0,00
2021-W51;16-19;Uvaccinerede;3;0;30022;9,99
2021-W51;16-19;P�begyndt vaccination;1;1;9753;10,25
2021-W51;16-19;Forventet fuld effekt;12;2;236710;5,07
2021-W51;16-19;F�rste revaccination;0;3;3118;0,00
2021-W51;20-39;Uvaccinerede;90;0;257270;34,98
2021-W51;20-39;P�begyndt vaccination;22;1;65709;33,48
2021-W51;20-39;Forventet fuld effekt;88;2;1066320;8,25
2021-W51;20-39;F�rste revaccination;11;3;106272;10,35
2021-W51;40-64;Uvaccinerede;114;0;137727;82,77
2021-W51;40-64;P�begyndt vaccination;5;1;23800;21,01
2021-W51;40-64;Forventet fuld effekt;139;2;1488097;9,34
2021-W51;40-64;F�rste revaccination;32;3;257599;12,42
2021-W51;65-79;Uvaccinerede;45;0;26472;169,99
2021-W51;65-79;P�begyndt vaccination;3;1;3247;92,38
2021-W51;65-79;Forventet fuld effekt;80;2;299898;26,68
2021-W51;65-79;F�rste revaccination;63;3;557768;11,30
2021-W51;80+;Uvaccinerede;23;0;8207;280,23
2021-W51;80+;P�begyndt vaccination;6;1;1126;532,66
2021-W51;80+;Forventet fuld effekt;46;2;36421;126,30
2021-W51;80+;F�rste revaccination;51;3;213883;23,84
2021-W52;5-11;Uvaccinerede;15;0;258673;5,80
2021-W52;5-11;P�begyndt vaccination;4;1;177745;2,25
2021-W52;5-11;Forventet fuld effekt;1;2;139;718,69
2021-W52;5-11;F�rste revaccination;0;3;1;0,00
2021-W52;12-15;Uvaccinerede;5;0;57249;8,73
2021-W52;12-15;P�begyndt vaccination;1;1;21890;4,57
2021-W52;12-15;Forventet fuld effekt;5;2;219728;2,28
2021-W52;12-15;F�rste revaccination;0;3;157;0,00
2021-W52;16-19;Uvaccinerede;0;0;29490;0,00
2021-W52;16-19;P�begyndt vaccination;2;1;8845;22,61
2021-W52;16-19;Forventet fuld effekt;16;2;236754;6,76
2021-W52;16-19;F�rste revaccination;1;3;4515;22,15
2021-W52;20-39;Uvaccinerede;127;0;253839;50,03
2021-W52;20-39;P�begyndt vaccination;25;1;57409;43,55
2021-W52;20-39;Forventet fuld effekt;139;2;1057927;13,14
2021-W52;20-39;F�rste revaccination;23;3;126395;18,20
2021-W52;40-64;Uvaccinerede;97;0;136495;71,07
2021-W52;40-64;P�begyndt vaccination;11;1;20978;52,44
2021-W52;40-64;Forventet fuld effekt;167;2;1102332;15,15
2021-W52;40-64;F�rste revaccination;62;3;647418;9,58
2021-W52;65-79;Uvaccinerede;43;0;26225;163,97
2021-W52;65-79;P�begyndt vaccination;6;1;3070;195,41
2021-W52;65-79;Forventet fuld effekt;57;2;149423;38,15
2021-W52;65-79;F�rste revaccination;109;3;708667;15,38
2021-W52;80+;Uvaccinerede;12;0;8117;147,84
2021-W52;80+;P�begyndt vaccination;3;1;1093;274,40
2021-W52;80+;Forventet fuld effekt;46;2;23075;199,35
2021-W52;80+;F�rste revaccination;108;3;227353;47,50
2022-W01;5-11;Uvaccinerede;22;0;245866;8,95
2022-W01;5-11;P�begyndt vaccination;5;1;186368;2,68
2022-W01;5-11;Forventet fuld effekt;0;2;4322;0,00
2022-W01;5-11;F�rste revaccination;0;3;2;0,00
2022-W01;12-15;Uvaccinerede;5;0;55676;8,98
2022-W01;12-15;P�begyndt vaccination;5;1;19195;26,05
2022-W01;12-15;Forventet fuld effekt;14;2;223858;6,25
2022-W01;12-15;F�rste revaccination;0;3;295;0,00
2022-W01;16-19;Uvaccinerede;7;0;29105;24,05
2022-W01;16-19;P�begyndt vaccination;1;1;7615;13,13
2022-W01;16-19;Forventet fuld effekt;29;2;225900;12,84
2022-W01;16-19;F�rste revaccination;2;3;16983;11,78
2022-W01;20-39;Uvaccinerede;125;0;251165;49,77
2022-W01;20-39;P�begyndt vaccination;19;1;49939;38,05
2022-W01;20-39;Forventet fuld effekt;156;2;1021164;15,28
2022-W01;20-39;F�rste revaccination;32;3;173303;18,46
2022-W01;40-64;Uvaccinerede;76;0;135568;56,06
2022-W01;40-64;P�begyndt vaccination;10;1;18356;54,48
2022-W01;40-64;Forventet fuld effekt;144;2;586856;24,54
2022-W01;40-64;F�rste revaccination;98;3;1166444;8,40
2022-W01;65-79;Uvaccinerede;44;0;26041;168,97
2022-W01;65-79;P�begyndt vaccination;4;1;2867;139,54
2022-W01;65-79;Forventet fuld effekt;60;2;64489;93,04
2022-W01;65-79;F�rste revaccination;129;3;793989;16,25
2022-W01;80+;Uvaccinerede;27;0;8035;336,04
2022-W01;80+;P�begyndt vaccination;7;1;1053;664,59
2022-W01;80+;Forventet fuld effekt;26;2;13844;187,81
2022-W01;80+;F�rste revaccination;115;3;236706;48,58
2022-W02;5-11;Uvaccinerede;34;0;236451;14,38
2022-W02;5-11;P�begyndt vaccination;18;1;172792;10,42
2022-W02;5-11;Forventet fuld effekt;0;2;27311;0,00
2022-W02;5-11;F�rste revaccination;0;3;3;0,00
2022-W02;12-15;Uvaccinerede;13;0;54423;23,89
2022-W02;12-15;P�begyndt vaccination;3;1;17261;17,38
2022-W02;12-15;Forventet fuld effekt;14;2;226903;6,17
2022-W02;12-15;F�rste revaccination;0;3;436;0,00
2022-W02;16-19;Uvaccinerede;11;0;28712;38,31
2022-W02;16-19;P�begyndt vaccination;3;1;6758;44,39
2022-W02;16-19;Forventet fuld effekt;29;2;189371;15,31
2022-W02;16-19;F�rste revaccination;6;3;54762;10,96
2022-W02;20-39;Uvaccinerede;143;0;248366;57,58
2022-W02;20-39;P�begyndt vaccination;19;1;45521;41,74
2022-W02;20-39;Forventet fuld effekt;185;2;891017;20,76
2022-W02;20-39;F�rste revaccination;44;3;310667;14,16
2022-W02;40-64;Uvaccinerede;77;0;134623;57,20
2022-W02;40-64;P�begyndt vaccination;12;1;16743;71,67
2022-W02;40-64;Forventet fuld effekt;121;2;416925;29,02
2022-W02;40-64;F�rste revaccination;128;3;1338931;9,56
2022-W02;65-79;Uvaccinerede;31;0;25841;119,97
2022-W02;65-79;P�begyndt vaccination;4;1;2795;143,13
2022-W02;65-79;Forventet fuld effekt;39;2;46025;84,74
2022-W02;65-79;F�rste revaccination;140;3;812725;17,23
2022-W02;80+;Uvaccinerede;22;0;7950;276,74
2022-W02;80+;P�begyndt vaccination;2;1;1062;188,35
2022-W02;80+;Forventet fuld effekt;27;2;11201;241,05
2022-W02;80+;F�rste revaccination;133;3;239426;55,55
2022-W03;5-11;Uvaccinerede;59;0;231577;25,48
2022-W03;5-11;P�begyndt vaccination;14;1;131252;10,67
2022-W03;5-11;Forventet fuld effekt;3;2;73725;4,07
2022-W03;5-11;F�rste revaccination;0;3;4;0,00
2022-W03;12-15;Uvaccinerede;21;0;53678;39,12
2022-W03;12-15;P�begyndt vaccination;0;1;14321;0,00
2022-W03;12-15;Forventet fuld effekt;27;2;230349;11,72
2022-W03;12-15;F�rste revaccination;0;3;676;0,00
2022-W03;16-19;Uvaccinerede;16;0;28421;56,30
2022-W03;16-19;P�begyndt vaccination;0;1;5977;0,00
2022-W03;16-19;Forventet fuld effekt;39;2;167802;23,24
2022-W03;16-19;F�rste revaccination;8;3;77403;10,34
2022-W03;20-39;Uvaccinerede;159;0;246438;64,52
2022-W03;20-39;P�begyndt vaccination;27;1;40140;67,27
2022-W03;20-39;Forventet fuld effekt;232;2;753473;30,79
2022-W03;20-39;F�rste revaccination;75;3;455520;16,46
2022-W03;40-64;Uvaccinerede;65;0;133944;48,53
2022-W03;40-64;P�begyndt vaccination;12;1;14969;80,17
2022-W03;40-64;Forventet fuld effekt;110;2;318626;34,52
2022-W03;40-64;F�rste revaccination;171;3;1439684;11,88
2022-W03;65-79;Uvaccinerede;20;0;25687;77,86
2022-W03;65-79;P�begyndt vaccination;5;1;2583;193,61
2022-W03;65-79;Forventet fuld effekt;34;2;36361;93,51
2022-W03;65-79;F�rste revaccination;188;3;822755;22,85
2022-W03;80+;Uvaccinerede;20;0;7889;253,53
2022-W03;80+;P�begyndt vaccination;1;1;1021;97,94
2022-W03;80+;Forventet fuld effekt;20;2;9654;207,17
2022-W03;80+;F�rste revaccination;165;3;241075;68,44
2022-W04;5-11;Uvaccinerede;64;0;229516;27,88
2022-W04;5-11;P�begyndt vaccination;13;1;87011;14,94
2022-W04;5-11;Forventet fuld effekt;9;2;120027;7,50
2022-W04;5-11;F�rste revaccination;0;3;4;0,00
2022-W04;12-15;Uvaccinerede;14;0;53276;26,28
2022-W04;12-15;P�begyndt vaccination;3;1;11173;26,85
2022-W04;12-15;Forventet fuld effekt;42;2;233700;17,97
2022-W04;12-15;F�rste revaccination;0;3;875;0,00
2022-W04;16-19;Uvaccinerede;16;0;28226;56,69
2022-W04;16-19;P�begyndt vaccination;2;1;5171;38,68
2022-W04;16-19;Forventet fuld effekt;35;2;152413;22,96
2022-W04;16-19;F�rste revaccination;7;3;93793;7,46
2022-W04;20-39;Uvaccinerede;171;0;245049;69,78
2022-W04;20-39;P�begyndt vaccination;19;1;34798;54,60
2022-W04;20-39;Forventet fuld effekt;237;2;622876;38,05
2022-W04;20-39;F�rste revaccination;116;3;592848;19,57
2022-W04;40-64;Uvaccinerede;90;0;133484;67,42
2022-W04;40-64;P�begyndt vaccination;13;1;13065;99,50
2022-W04;40-64;Forventet fuld effekt;122;2;254295;47,98
2022-W04;40-64;F�rste revaccination;287;3;1506378;19,05
2022-W04;65-79;Uvaccinerede;26;0;25590;101,60
2022-W04;65-79;P�begyndt vaccination;1;1;2232;44,80
2022-W04;65-79;Forventet fuld effekt;35;2;29586;118,30
2022-W04;65-79;F�rste revaccination;224;3;829977;26,99
2022-W04;80+;Uvaccinerede;19;0;7847;242,14
2022-W04;80+;P�begyndt vaccination;1;1;903;110,79
2022-W04;80+;Forventet fuld effekt;33;2;8359;394,76
2022-W04;80+;F�rste revaccination;223;3;242529;91,95
2022-W05;5-11;Uvaccinerede;56;0;228668;24,49
2022-W05;5-11;P�begyndt vaccination;15;1;66218;22,65
2022-W05;5-11;Forventet fuld effekt;14;2;141668;9,88
2022-W05;5-11;F�rste revaccination;0;3;5;0,00
2022-W05;12-15;Uvaccinerede;22;0;53083;41,44
2022-W05;12-15;P�begyndt vaccination;2;1;9368;21,35
2022-W05;12-15;Forventet fuld effekt;35;2;235579;14,86
2022-W05;12-15;F�rste revaccination;4;3;993;402,76
2022-W05;16-19;Uvaccinerede;13;0;28124;46,22
2022-W05;16-19;P�begyndt vaccination;1;1;4650;21,50
2022-W05;16-19;Forventet fuld effekt;46;2;139351;33,01
2022-W05;16-19;F�rste revaccination;13;3;107479;12,10
2022-W05;20-39;Uvaccinerede;179;0;244310;73,27
2022-W05;20-39;P�begyndt vaccination;26;1;31092;83,62
2022-W05;20-39;Forventet fuld effekt;209;2;511110;40,89
2022-W05;20-39;F�rste revaccination;154;3;709060;21,72
2022-W05;40-64;Uvaccinerede;92;0;133242;69,05
2022-W05;40-64;P�begyndt vaccination;11;1;11867;92,69
2022-W05;40-64;Forventet fuld effekt;111;2;212603;52,21
2022-W05;40-64;F�rste revaccination;356;3;1549510;22,97
2022-W05;65-79;Uvaccinerede;45;0;25521;176,33
2022-W05;65-79;P�begyndt vaccination;4;1;1992;200,82
2022-W05;65-79;Forventet fuld effekt;34;2;25454;133,57
2022-W05;65-79;F�rste revaccination;372;3;834418;44,58
2022-W05;80+;Uvaccinerede;29;0;7827;370,52
2022-W05;80+;P�begyndt vaccination;3;1;809;370,96
2022-W05;80+;Forventet fuld effekt;27;2;7546;357,81
2022-W05;80+;F�rste revaccination;312;3;243456;128,15
2022-W06;5-11;Uvaccinerede;45;0;228397;19,70
2022-W06;5-11;P�begyndt vaccination;9;1;54296;16,58
2022-W06;5-11;Forventet fuld effekt;17;2;153947;11,04
2022-W06;5-11;F�rste revaccination;0;3;5;0,00
2022-W06;12-15;Uvaccinerede;12;0;53016;22,63
2022-W06;12-15;P�begyndt vaccination;1;1;8069;12,39
2022-W06;12-15;Forventet fuld effekt;49;2;236922;20,68
2022-W06;12-15;F�rste revaccination;0;3;1058;0,00
2022-W06;16-19;Uvaccinerede;11;0;28070;39,19
2022-W06;16-19;P�begyndt vaccination;1;1;4269;23,42
2022-W06;16-19;Forventet fuld effekt;25;2;133181;18,77
2022-W06;16-19;F�rste revaccination;11;3;114092;9,64
2022-W06;20-39;Uvaccinerede;172;0;243986;70,50
2022-W06;20-39;P�begyndt vaccination;20;1;28508;70,16
2022-W06;20-39;Forventet fuld effekt;226;2;451774;50,03
2022-W06;20-39;F�rste revaccination;208;3;771478;26,96
2022-W06;40-64;Uvaccinerede;87;0;133130;65,35
2022-W06;40-64;P�begyndt vaccination;10;1;10948;91,34
2022-W06;40-64;Forventet fuld effekt;92;2;191611;48,01
2022-W06;40-64;F�rste revaccination;440;3;1571564;28,00
2022-W06;65-79;Uvaccinerede;38;0;25477;149,16
2022-W06;65-79;P�begyndt vaccination;4;1;1821;219,63
2022-W06;65-79;Forventet fuld effekt;48;2;23383;205,27
2022-W06;65-79;F�rste revaccination;442;3;836668;52,83
2022-W06;80+;Uvaccinerede;34;0;7804;435,68
2022-W06;80+;P�begyndt vaccination;4;1;745;537,22
2022-W06;80+;Forventet fuld effekt;37;2;7084;522,27
2022-W06;80+;F�rste revaccination;389;3;243934;159,47
2022-W07;5-11;Uvaccinerede;25;0;228837;10,92
2022-W07;5-11;P�begyndt vaccination;0;1;47363;0,00
2022-W07;5-11;Forventet fuld effekt;14;2;161101;8,69
2022-W07;5-11;F�rste revaccination;0;3;5;0,00
2022-W07;12-15;Uvaccinerede;2;0;53230;3,76
2022-W07;12-15;P�begyndt vaccination;1;1;7264;13,77
2022-W07;12-15;Forventet fuld effekt;19;2;237737;7,99
2022-W07;12-15;F�rste revaccination;1;3;1123;89,07
2022-W07;16-19;Uvaccinerede;9;0;28071;32,06
2022-W07;16-19;P�begyndt vaccination;1;1;4034;24,79
2022-W07;16-19;Forventet fuld effekt;20;2;129989;15,39
2022-W07;16-19;F�rste revaccination;10;3;117579;8,50
2022-W07;20-39;Uvaccinerede;125;0;244315;51,16
2022-W07;20-39;P�begyndt vaccination;20;1;26894;74,37
2022-W07;20-39;Forventet fuld effekt;187;2;426972;43,80
2022-W07;20-39;F�rste revaccination;200;3;798190;25,06
2022-W07;40-64;Uvaccinerede;79;0;133215;59,30
2022-W07;40-64;P�begyndt vaccination;6;1;10349;57,98
2022-W07;40-64;Forventet fuld effekt;67;2;181424;36,93
2022-W07;40-64;F�rste revaccination;406;3;1582347;25,66
2022-W07;65-79;Uvaccinerede;44;0;25477;172,70
2022-W07;65-79;P�begyndt vaccination;5;1;1687;296,33
2022-W07;65-79;Forventet fuld effekt;37;2;22205;166,63
2022-W07;65-79;F�rste revaccination;515;3;837656;61,48
2022-W07;80+;Uvaccinerede;39;0;7771;501,84
2022-W07;80+;P�begyndt vaccination;2;1;680;294,06
2022-W07;80+;Forventet fuld effekt;37;2;6802;543,93
2022-W07;80+;F�rste revaccination;421;3;243799;172,68
